title,slug,nco_code,category,jobs,employment_share,employment_share_group,employment_group_code,pay_monthly,pay_annual,pay_division_code,education,education_bucket,education_source_url,education_source_type,url
Agricultural Engineer,agricultural-engineer,2141.0900,Agriculture,,0.02090909090909091,0.23,214,35776,429312,2,,,,,https://www.ncs.gov.in/content-repository/Pages/ViewNcoDetails.aspx?COBID=3295
Agriculture Engineering Technician,agriculture-engineering-technician,7233.2800,Agriculture,,0.07916666666666666,0.95,723,15350,184200,7,,,,,https://www.ncs.gov.in/content-repository/Pages/ViewNcoDetails.aspx?COBID=3296
Agriculture Extension Executive,agriculture-extension-executive,6116.0101,Agriculture,,1.3616666666666668,24.51,611,11319,135828,6,,,,,https://www.ncs.gov.in/content-repository/Pages/ViewNcoDetails.aspx?COBID=3297
Agriculture Extension Service Provider,agriculture-extension-service-provider,6116.0102,Agriculture,,1.3616666666666668,24.51,611,11319,135828,6,12th Passed or 10th Passed or Previous NSQF qualification of Level 3.5 or Previous NSQF qualification of Level 3,Secondary (10th),https://www.nqr.gov.in/qualifications/13362,NQR eligibility criteria,https://www.ncs.gov.in/content-repository/Pages/ViewNcoDetails.aspx?COBID=3298
Agriculture Field Officer,agriculture-field-officer,2412.0501,Agriculture,,0.04666666666666666,0.42,241,35776,429312,2,12th Passed or 10th Passed or Previous NSQF qualification of Level 3.5 or Previous NSQF qualification of Level 3,Secondary (10th),https://www.nqr.gov.in/qualifications/13363,NQR eligibility criteria,https://www.ncs.gov.in/content-repository/Pages/ViewNcoDetails.aspx?COBID=3299
Agronomist,agronomist,2132.0100,Agriculture,,0.006666666666666667,0.02,213,35776,429312,2,,,,,https://www.ncs.gov.in/content-repository/Pages/ViewNcoDetails.aspx?COBID=3300
Agronomy and Forestry Technicians,agronomy-and-forestry-technicians,3142.9900,Agriculture,,0.005,0.01,314,24199,290388,3,,,,,https://www.ncs.gov.in/content-repository/Pages/ViewNcoDetails.aspx?COBID=3301
Animal Health Worker,animal-health-worker,6130.0301,Agriculture,,1.94,3.88,613,11319,135828,6,,,,,https://www.ncs.gov.in/content-repository/Pages/ViewNcoDetails.aspx?COBID=6396
Artificial-breeding Technician,artificial-breeding-technician,6130.0100,Agriculture,,1.94,3.88,613,11319,135828,6,,,,,https://www.ncs.gov.in/content-repository/Pages/ViewNcoDetails.aspx?COBID=3302
Bamboo Grower,bamboo-grower,6112.0701,Agriculture,,1.3616666666666668,24.51,611,11319,135828,6,10th Passed or 8th Passed or Previous NSQF qualification of Level 2.5 or Previous NSQF qualification of Level 2,Up to middle,https://www.nqr.gov.in/qualifications/13324,NQR eligibility criteria,https://www.ncs.gov.in/content-repository/Pages/ViewNcoDetails.aspx?COBID=3303
Banana Farmer,banana-farmer,6111.0901,Agriculture,,1.3616666666666668,24.51,611,11319,135828,6,,,,,https://www.ncs.gov.in/content-repository/Pages/ViewNcoDetails.aspx?COBID=3304
Bare Foot Technician (BFT),bare-foot-technician-bft,3142.0201,Agriculture,,0.005,0.01,314,24199,290388,3,Previous NSQF qualification of Level 3 or Previous NSQF qualification of Level 3.5 or 10th Completed or 12th Completed,Secondary (10th),https://www.nqr.gov.in/qualifications/14083,NQR eligibility criteria,https://www.ncs.gov.in/content-repository/Pages/ViewNcoDetails.aspx?COBID=5354
Bee-Keeper,bee-keeper,6123.0101,Agriculture,,0.567,5.67,612,11319,135828,6,,,,,https://www.ncs.gov.in/content-repository/Pages/ViewNcoDetails.aspx?COBID=3305
Broiler Farm Supervisor,broiler-farm-supervisor,6122.0101,Agriculture,,0.567,5.67,612,11319,135828,6,,,,,https://www.ncs.gov.in/content-repository/Pages/ViewNcoDetails.aspx?COBID=3306
Broiler Farm Worker,broiler-farm-worker,6122.0301,Agriculture,,0.567,5.67,612,11319,135828,6,,,,,https://www.ncs.gov.in/content-repository/Pages/ViewNcoDetails.aspx?COBID=3307
Budder,budder,6112.0400,Agriculture,,1.3616666666666668,24.51,611,11319,135828,6,,,,,https://www.ncs.gov.in/content-repository/Pages/ViewNcoDetails.aspx?COBID=3308
Bulb Crop Cultivator,bulb-crop-cultivator,6111.1401,Agriculture,,1.3616666666666668,24.51,611,11319,135828,6,,,,,https://www.ncs.gov.in/content-repository/Pages/ViewNcoDetails.aspx?COBID=3309
Cane Cutter,cane-cutter,6210.0800,Agriculture,,0.066,0.33,621,11319,135828,6,,,,,https://www.ncs.gov.in/content-repository/Pages/ViewNcoDetails.aspx?COBID=3310
"Charcoal Burner, Wood",charcoal-burner-wood,6210.1700,Agriculture,,0.066,0.33,621,11319,135828,6,,,,,https://www.ncs.gov.in/content-repository/Pages/ViewNcoDetails.aspx?COBID=3311
"Chemical Engineer, Fertilizers",chemical-engineer-fertilizers,2145.0600,Agriculture,,0.02090909090909091,0.23,214,35776,429312,2,,,,,https://www.ncs.gov.in/content-repository/Pages/ViewNcoDetails.aspx?COBID=3312
Chillies Cultivator,chillies-cultivator,6111.1801,Agriculture,,1.3616666666666668,24.51,611,11319,135828,6,,,,,https://www.ncs.gov.in/content-repository/Pages/ViewNcoDetails.aspx?COBID=3313
Citrus Fruit Grower,citrus-fruit-grower,6111.1101,Agriculture,,1.3616666666666668,24.51,611,11319,135828,6,,,,,https://www.ncs.gov.in/content-repository/Pages/ViewNcoDetails.aspx?COBID=3314
"Civil Engineer, Irrigation",civil-engineer-irrigation,2142.0400,Agriculture,,0.02090909090909091,0.23,214,35776,429312,2,,,,,https://www.ncs.gov.in/content-repository/Pages/ViewNcoDetails.aspx?COBID=3315
Climate Change &amp; Risk Mitigation Manager,climate-change-amp-risk-mitigation-manager,1223.0301,Agriculture,,0.06,0.24,122,42993,515916,1,,,,,https://www.ncs.gov.in/content-repository/Pages/ViewNcoDetails.aspx?COBID=6397
Coconut Grower,coconut-grower,6111.0851,Agriculture,,1.3616666666666668,24.51,611,11319,135828,6,12th Passed or 10th Passed or Previous NSQF qualification of Level 3.5 or Previous NSQF qualification of Level 3,Secondary (10th),https://www.nqr.gov.in/qualifications/13330,NQR eligibility criteria,https://www.ncs.gov.in/content-repository/Pages/ViewNcoDetails.aspx?COBID=5480
Coffee Plantation Worker,coffee-plantation-worker,6112.0601,Agriculture,,1.3616666666666668,24.51,611,11319,135828,6,9th Completed or 8th Completed or 5th Completed or Previous NSQF qualification of Level 2 or Previous NSQF qualification of Level 1,Up to middle,https://www.nqr.gov.in/qualifications/14068,NQR eligibility criteria,https://www.ncs.gov.in/content-repository/Pages/ViewNcoDetails.aspx?COBID=3316
Community Service Provider,community-service-provider,6116.0112,Agriculture,,1.3616666666666668,24.51,611,11319,135828,6,12th Completed or 10th Completed or Previous NSQF qualification of Level 3.5 or Previous NSQF qualification of Level 3,Secondary (10th),https://www.nqr.gov.in/qualifications/14115,NQR eligibility criteria,https://www.ncs.gov.in/content-repository/Pages/ViewNcoDetails.aspx?COBID=5482
Coral Breaker,coral-breaker,7541.0300,Agriculture,,0.0075,0.06,754,15350,184200,7,,,,,https://www.ncs.gov.in/content-repository/Pages/ViewNcoDetails.aspx?COBID=5760
Coriander Cultivator,coriander-cultivator,6111.1901,Agriculture,,1.3616666666666668,24.51,611,11319,135828,6,,,,,https://www.ncs.gov.in/content-repository/Pages/ViewNcoDetails.aspx?COBID=3317
Cotton Cultivator,cotton-cultivator,6111.0601,Agriculture,,1.3616666666666668,24.51,611,11319,135828,6,10th Passed or 8th Passed or Previous NSQF qualification of Level 2.5 or Previous NSQF qualification of Level 2,Up to middle,https://www.nqr.gov.in/qualifications/13364,NQR eligibility criteria,https://www.ncs.gov.in/content-repository/Pages/ViewNcoDetails.aspx?COBID=3318
Cultivator Crop,cultivator-crop,6111.0200,Agriculture,,1.3616666666666668,24.51,611,11319,135828,6,12th Passed or 10th Passed or Previous NSQF qualification of Level 3.5 or Previous NSQF qualification of Level 3,Secondary (10th),https://www.nqr.gov.in/qualifications/13360,NQR eligibility criteria,https://www.ncs.gov.in/content-repository/Pages/ViewNcoDetails.aspx?COBID=3319
Cultivator General,cultivator-general,6111.0100,Agriculture,,1.3616666666666668,24.51,611,11319,135828,6,,,,,https://www.ncs.gov.in/content-repository/Pages/ViewNcoDetails.aspx?COBID=3320
Cultivator Vegetables,cultivator-vegetables,6111.1300,Agriculture,,1.3616666666666668,24.51,611,11319,135828,6,,,,,https://www.ncs.gov.in/content-repository/Pages/ViewNcoDetails.aspx?COBID=3321
"Cultivator, Fruit",cultivator-fruit,6111.0800,Agriculture,,1.3616666666666668,24.51,611,11319,135828,6,,,,,https://www.ncs.gov.in/content-repository/Pages/ViewNcoDetails.aspx?COBID=3322
"Dairy Farm Worker, General",dairy-farm-worker-general,6121.0601,Agriculture,,0.567,5.67,612,11319,135828,6,,,,,https://www.ncs.gov.in/content-repository/Pages/ViewNcoDetails.aspx?COBID=3323
Dairy Farmer,dairy-farmer,6121.0201,Agriculture,,0.567,5.67,612,11319,135828,6,,,,,https://www.ncs.gov.in/content-repository/Pages/ViewNcoDetails.aspx?COBID=3324
Dairy Scientist,dairy-scientist,2132.0700,Agriculture,,0.006666666666666667,0.02,213,35776,429312,2,,,,,https://www.ncs.gov.in/content-repository/Pages/ViewNcoDetails.aspx?COBID=3325
Dairy Technologist,dairy-technologist,2141.1900,Agriculture,,0.02090909090909091,0.23,214,35776,429312,2,,,,,https://www.ncs.gov.in/content-repository/Pages/ViewNcoDetails.aspx?COBID=3326
Dairy Worker,dairy-worker,6121.0901,Agriculture,,0.567,5.67,612,11319,135828,6,9th Passed or 8th Passed or 5th Passed or Previous NSQF qualification of Level 2 or Previous NSQF qualification of Level 1,Up to middle,https://www.nqr.gov.in/qualifications/13350,NQR eligibility criteria,https://www.ncs.gov.in/content-repository/Pages/ViewNcoDetails.aspx?COBID=3327
"Digester Operator, Wood",digester-operator-wood,6210.1800,Agriculture,,0.066,0.33,621,11319,135828,6,,,,,https://www.ncs.gov.in/content-repository/Pages/ViewNcoDetails.aspx?COBID=3328
"Distiller, Turpentine and Eucalyptus",distiller-turpentine-and-eucalyptus,6210.1900,Agriculture,,0.066,0.33,621,11319,135828,6,,,,,https://www.ncs.gov.in/content-repository/Pages/ViewNcoDetails.aspx?COBID=3329
"Diver, Chank",diver-chank,7541.0200,Agriculture,,0.0075,0.06,754,15350,184200,7,,,,,https://www.ncs.gov.in/content-repository/Pages/ViewNcoDetails.aspx?COBID=5759
"Diver, Pearl",diver-pearl,7541.0100,Agriculture,,0.0075,0.06,754,15350,184200,7,,,,,https://www.ncs.gov.in/content-repository/Pages/ViewNcoDetails.aspx?COBID=5758
Elephant Keeper,elephant-keeper,6121.1100,Agriculture,,0.567,5.67,612,11319,135828,6,,,,,https://www.ncs.gov.in/content-repository/Pages/ViewNcoDetails.aspx?COBID=3330
"Estimator, Timber",estimator-timber,6210.1400,Agriculture,,0.066,0.33,621,11319,135828,6,,,,,https://www.ncs.gov.in/content-repository/Pages/ViewNcoDetails.aspx?COBID=3331
"Farm Overseer, Crop Production",farm-overseer-crop-production,2132.1000,Agriculture,,0.006666666666666667,0.02,213,35776,429312,2,,,,,https://www.ncs.gov.in/content-repository/Pages/ViewNcoDetails.aspx?COBID=3332
"Farmer, Fur- Bearing Animal",farmer-fur-bearing-animal,6129.0100,Agriculture,,0.567,5.67,612,11319,135828,6,,,,,https://www.ncs.gov.in/content-repository/Pages/ViewNcoDetails.aspx?COBID=3333
"Farmer, Livestock",farmer-livestock,6121.0100,Agriculture,,0.567,5.67,612,11319,135828,6,,,,,https://www.ncs.gov.in/content-repository/Pages/ViewNcoDetails.aspx?COBID=3334
"Farmer, Poultry Breeding",farmer-poultry-breeding,6122.0200,Agriculture,,0.567,5.67,612,11319,135828,6,,,,,https://www.ncs.gov.in/content-repository/Pages/ViewNcoDetails.aspx?COBID=3335
Fieldman Agriculture,fieldman-agriculture,6111.2000,Agriculture,,1.3616666666666668,24.51,611,11319,135828,6,,,,,https://www.ncs.gov.in/content-repository/Pages/ViewNcoDetails.aspx?COBID=3336
Advance Pattern Maker (CAD/CAM),advance-pattern-maker-cad-cam,7532.0902,Apparel,,0.058260869565217394,2.68,753,15350,184200,7,Completed 1st year of 3-year/ 4-years UG In relevant field or Previous NSQF qualification of Level 4.5,,https://www.nqr.gov.in/qualifications/10893,NQR eligibility criteria,https://www.ncs.gov.in/content-repository/Pages/ViewNcoDetails.aspx?COBID=3442
Assistant Designer - Home Furnishing,assistant-designer-home-furnishing,2163.0602,Apparel,,0.02,0.12,216,35776,429312,2,,,,,https://www.ncs.gov.in/content-repository/Pages/ViewNcoDetails.aspx?COBID=6806
Assistant Designer - Madeups,assistant-designer-madeups,2163.0603,Apparel,,0.02,0.12,216,35776,429312,2,,,,,https://www.ncs.gov.in/content-repository/Pages/ViewNcoDetails.aspx?COBID=6807
Assistant Fashion Designer,assistant-fashion-designer,2163.0502,Apparel,,0.02,0.12,216,35776,429312,2,,,,,https://www.ncs.gov.in/content-repository/Pages/ViewNcoDetails.aspx?COBID=6808
Boutique Manager,boutique-manager,1221.0701,Apparel,,0.06,0.24,122,42993,515916,1,Diploma In relevant field or UG In relevant field or Previous NSQF qualification of Level 5.5 or Previous NSQF qualification of Level 5,Diploma / ITI / Certificate,https://www.nqr.gov.in/qualifications/12533,NQR eligibility criteria,https://www.ncs.gov.in/content-repository/Pages/ViewNcoDetails.aspx?COBID=6809
"Button Hole Maker, Machine",button-hole-maker-machine,8153.0200,Apparel,,0.0121875,0.39,815,15906,190872,8,,,,,https://www.ncs.gov.in/content-repository/Pages/ViewNcoDetails.aspx?COBID=4184
Button Hole Marker,button-hole-marker,7532.1200,Apparel,,0.058260869565217394,2.68,753,15350,184200,7,,,,,https://www.ncs.gov.in/content-repository/Pages/ViewNcoDetails.aspx?COBID=4185
Button Stitching Machine Operator,button-stitching-machine-operator,8153.0400,Apparel,,0.0121875,0.39,815,15906,190872,8,,,,,https://www.ncs.gov.in/content-repository/Pages/ViewNcoDetails.aspx?COBID=4186
Cap Maker,cap-maker,7531.0900,Apparel,,0.058260869565217394,2.68,753,15350,184200,7,,,,,https://www.ncs.gov.in/content-repository/Pages/ViewNcoDetails.aspx?COBID=4187
Coat Maker,coat-maker,7531.0300,Apparel,,0.058260869565217394,2.68,753,15350,184200,7,,,,,https://www.ncs.gov.in/content-repository/Pages/ViewNcoDetails.aspx?COBID=4188
Cushion Maker,cushion-maker,7534.0400,Apparel,,0.058260869565217394,2.68,753,15350,184200,7,,,,,https://www.ncs.gov.in/content-repository/Pages/ViewNcoDetails.aspx?COBID=4189
Cutter Tent,cutter-tent,7532.1300,Apparel,,0.058260869565217394,2.68,753,15350,184200,7,,,,,https://www.ncs.gov.in/content-repository/Pages/ViewNcoDetails.aspx?COBID=4190
"Cutter, Garment (Leather)",cutter-garment-leather,7532.1000,Apparel,,0.058260869565217394,2.68,753,15350,184200,7,,,,,https://www.ncs.gov.in/content-repository/Pages/ViewNcoDetails.aspx?COBID=4191
"Cutter, Hand (Textile Product)",cutter-hand-textile-product,7532.0700,Apparel,,0.058260869565217394,2.68,753,15350,184200,7,,,,,https://www.ncs.gov.in/content-repository/Pages/ViewNcoDetails.aspx?COBID=4192
"Cutter, Machine (Textile Product)",cutter-machine-textile-product,7532.0900,Apparel,,0.058260869565217394,2.68,753,15350,184200,7,,,,,https://www.ncs.gov.in/content-repository/Pages/ViewNcoDetails.aspx?COBID=4193
Darner,darner,7533.0600,Apparel,,0.058260869565217394,2.68,753,15350,184200,7,,,,,https://www.ncs.gov.in/content-repository/Pages/ViewNcoDetails.aspx?COBID=4194
Designer (Garment),designer-garment,7532.0100,Apparel,,0.058260869565217394,2.68,753,15350,184200,7,,,,,https://www.ncs.gov.in/content-repository/Pages/ViewNcoDetails.aspx?COBID=4195
Dress Maker,dress-maker,7531.0200,Apparel,,0.058260869565217394,2.68,753,15350,184200,7,,,,,https://www.ncs.gov.in/content-repository/Pages/ViewNcoDetails.aspx?COBID=4196
"Embroider, Machine",embroider-machine,8153.0500,Apparel,,0.0121875,0.39,815,15906,190872,8,,,,,https://www.ncs.gov.in/content-repository/Pages/ViewNcoDetails.aspx?COBID=4197
Embroidery Machine Operator (Zigzag Machine),embroidery-machine-operator-zigzag-machine,8153.0601,Apparel,,0.0121875,0.39,815,15906,190872,8,,,,,https://www.ncs.gov.in/content-repository/Pages/ViewNcoDetails.aspx?COBID=3443
Export Assistant,export-assistant,3322.6011,Apparel,,0.016666666666666666,0.3,332,24199,290388,3,,,,,https://www.ncs.gov.in/content-repository/Pages/ViewNcoDetails.aspx?COBID=3444
Export Executive,export-executive,3322.6001,Apparel,,0.016666666666666666,0.3,332,24199,290388,3,,,,,https://www.ncs.gov.in/content-repository/Pages/ViewNcoDetails.aspx?COBID=5390
Eyelet Holing Machine Operator,eyelet-holing-machine-operator,8153.0300,Apparel,,0.0121875,0.39,815,15906,190872,8,,,,,https://www.ncs.gov.in/content-repository/Pages/ViewNcoDetails.aspx?COBID=4198
Fabric Checker,fabric-checker,7543.0101,Apparel,,0.0075,0.06,754,15350,184200,7,,,,,https://www.ncs.gov.in/content-repository/Pages/ViewNcoDetails.aspx?COBID=3445
Factory Compliance Auditor,factory-compliance-auditor,7543.4001,Apparel,,0.0075,0.06,754,15350,184200,7,Completed 1st year of 3-year/ 4-years UG In relevant field or Previous NSQF qualification of Level 4.5,,https://www.nqr.gov.in/qualifications/10966,NQR eligibility criteria,https://www.ncs.gov.in/content-repository/Pages/ViewNcoDetails.aspx?COBID=5763
Fashion Designer,fashion-designer,2163.0501,Apparel,,0.02,0.12,216,35776,429312,2,12th In relevant field or 3 year Diploma after 10th In relevant field or Previous NSQF qualification of Level 4 or Diploma Completed,Higher secondary (12th),https://www.nqr.gov.in/qualifications/12769,NQR eligibility criteria,https://www.ncs.gov.in/content-repository/Pages/ViewNcoDetails.aspx?COBID=3446
Finisher,finisher,7532.1401,Apparel,,0.058260869565217394,2.68,753,15350,184200,7,,,,,https://www.ncs.gov.in/content-repository/Pages/ViewNcoDetails.aspx?COBID=6810
"Frame Maker, Cap",frame-maker-cap,7532.0500,Apparel,,0.058260869565217394,2.68,753,15350,184200,7,,,,,https://www.ncs.gov.in/content-repository/Pages/ViewNcoDetails.aspx?COBID=4199
Framer-Computerized Embroidery Machine,framer-computerized-embroidery-machine,8153.0701,Apparel,,0.0121875,0.39,815,15906,190872,8,,,,,https://www.ncs.gov.in/content-repository/Pages/ViewNcoDetails.aspx?COBID=3447
Garment Cutter,garment-cutter,7532.0901,Apparel,,0.058260869565217394,2.68,753,15350,184200,7,,,,,https://www.ncs.gov.in/content-repository/Pages/ViewNcoDetails.aspx?COBID=3448
"Hand Embroider, General",hand-embroider-general,7533.0201,Apparel,,0.058260869565217394,2.68,753,15350,184200,7,,,,,https://www.ncs.gov.in/content-repository/Pages/ViewNcoDetails.aspx?COBID=3449
Hand Embroiderer (Addawala),hand-embroiderer-addawala,7533.0211,Apparel,,0.058260869565217394,2.68,753,15350,184200,7,Ability to read and write N.A.,,https://www.nqr.gov.in/qualifications/10421,NQR eligibility criteria,https://www.ncs.gov.in/content-repository/Pages/ViewNcoDetails.aspx?COBID=6823
"Hand Embroiderer, Zari",hand-embroiderer-zari,7533.0300,Apparel,,0.058260869565217394,2.68,753,15350,184200,7,,,,,https://www.ncs.gov.in/content-repository/Pages/ViewNcoDetails.aspx?COBID=4200
"Hat Maker, General",hat-maker-general,7531.0700,Apparel,,0.058260869565217394,2.68,753,15350,184200,7,,,,,https://www.ncs.gov.in/content-repository/Pages/ViewNcoDetails.aspx?COBID=4201
In-Line Checker,in-line-checker,7543.0302,Apparel,,0.0075,0.06,754,15350,184200,7,,,,,https://www.ncs.gov.in/content-repository/Pages/ViewNcoDetails.aspx?COBID=3450
Industrial Engineer Executive,industrial-engineer-executive,2141.0301,Apparel,,0.02090909090909091,0.23,214,35776,429312,2,,,,,https://www.ncs.gov.in/content-repository/Pages/ViewNcoDetails.aspx?COBID=5127
Layerman,layerman,7532.0903,Apparel,,0.058260869565217394,2.68,753,15350,184200,7,Ability to read and write Completed,,https://www.nqr.gov.in/qualifications/10448,NQR eligibility criteria,https://www.ncs.gov.in/content-repository/Pages/ViewNcoDetails.aspx?COBID=3451
Line Supervisor Stitching,line-supervisor-stitching,3122.3552,Apparel,,0.0375,0.45,312,24199,290388,3,,,,,https://www.ncs.gov.in/content-repository/Pages/ViewNcoDetails.aspx?COBID=6811
Master Cutter (Garment),master-cutter-garment,7532.0600,Apparel,,0.058260869565217394,2.68,753,15350,184200,7,,,,,https://www.ncs.gov.in/content-repository/Pages/ViewNcoDetails.aspx?COBID=4202
Mattress Maker (Spring),mattress-maker-spring,7534.0500,Apparel,,0.058260869565217394,2.68,753,15350,184200,7,,,,,https://www.ncs.gov.in/content-repository/Pages/ViewNcoDetails.aspx?COBID=4203
Measurement Checker,measurement-checker,7543.0301,Apparel,,0.0075,0.06,754,15350,184200,7,,,,,https://www.ncs.gov.in/content-repository/Pages/ViewNcoDetails.aspx?COBID=3452
"Mechanic, Sewing Machine",mechanic-sewing-machine,7233.1801,Apparel,,0.07916666666666666,0.95,723,15350,184200,7,,,,,https://www.ncs.gov.in/content-repository/Pages/ViewNcoDetails.aspx?COBID=4204
Merchandiser,merchandiser,3323.0102,Apparel,,0.016666666666666666,0.3,332,24199,290388,3,,,,,https://www.ncs.gov.in/content-repository/Pages/ViewNcoDetails.aspx?COBID=3453
Merchandiser - Made-Ups &amp; Home Furnishing,merchandiser-made-ups-amp-home-furnishing,3323.0105,Apparel,,0.016666666666666666,0.3,332,24199,290388,3,,,,,https://www.ncs.gov.in/content-repository/Pages/ViewNcoDetails.aspx?COBID=6812
Online Sample Designer,online-sample-designer,2163.0511,Apparel,,0.02,0.12,216,35776,429312,2,,,,,https://www.ncs.gov.in/content-repository/Pages/ViewNcoDetails.aspx?COBID=6813
Packer,packer,9321.0107,Apparel,,0.825,1.65,932,10667,128004,9,,,,,https://www.ncs.gov.in/content-repository/Pages/ViewNcoDetails.aspx?COBID=6814
Pattern Master,pattern-master,7532.0111,Apparel,,0.058260869565217394,2.68,753,15350,184200,7,,,,,https://www.ncs.gov.in/content-repository/Pages/ViewNcoDetails.aspx?COBID=6815
Pressman,pressman,8157.0401,Apparel,,0.0121875,0.39,815,15906,190872,8,,,,,https://www.ncs.gov.in/content-repository/Pages/ViewNcoDetails.aspx?COBID=3454
Processing Supervisor (Dyeing &amp; Printing),processing-supervisor-dyeing-amp-printing,3122.3553,Apparel,,0.0375,0.45,312,24199,290388,3,12th Passed or UG 2nd year Completed or Previous NSQF qualification of Level 4,Higher secondary (12th),https://www.nqr.gov.in/qualifications/13154,NQR eligibility criteria,https://www.ncs.gov.in/content-repository/Pages/ViewNcoDetails.aspx?COBID=6816
Production Supervisor-Sewing,production-supervisor-sewing,3122.3551,Apparel,,0.0375,0.45,312,24199,290388,3,Diploma In relevant field or UG In relevant field or 12th In relevant field or Previous NSQF qualification of Level 4,Higher secondary (12th),https://www.nqr.gov.in/qualifications/12774,NQR eligibility criteria,https://www.ncs.gov.in/content-repository/Pages/ViewNcoDetails.aspx?COBID=5297
AC Specialist,ac-specialist,7231.0102,Automotive,,0.07916666666666666,0.95,723,15350,184200,7,,,,,https://www.ncs.gov.in/content-repository/Pages/ViewNcoDetails.aspx?COBID=3459
Accessories and VAS Sales Executive,accessories-and-vas-sales-executive,3322.0803,Automotive,,0.016666666666666666,0.3,332,24199,290388,3,,,,,https://www.ncs.gov.in/content-repository/Pages/ViewNcoDetails.aspx?COBID=6401
Accessory Fitter,accessory-fitter,9329.0701,Automotive,,0.825,1.65,932,10667,128004,9,,,,,https://www.ncs.gov.in/content-repository/Pages/ViewNcoDetails.aspx?COBID=3460
Ambulance Driver,ambulance-driver,8322.0301,Automotive,,0.71,2.84,832,15906,190872,8,10th Passed or 11th Passed or Previous NSQF qualification of Level 3,Secondary (10th),https://www.nqr.gov.in/qualifications/13216,NQR eligibility criteria,https://www.ncs.gov.in/content-repository/Pages/ViewNcoDetails.aspx?COBID=3461
Area Manager (Auto Components),area-manager-auto-components,3322.0801,Automotive,,0.016666666666666666,0.3,332,24199,290388,3,,,,,https://www.ncs.gov.in/content-repository/Pages/ViewNcoDetails.aspx?COBID=3462
Area Parts Manager,area-parts-manager,5222.0101,Automotive,,1.34,6.7,522,14628,175536,5,,,,,https://www.ncs.gov.in/content-repository/Pages/ViewNcoDetails.aspx?COBID=3463
Area Service Manager,area-service-manager,1213.0201,Automotive,,0.13666666666666666,0.41,121,42993,515916,1,,,,,https://www.ncs.gov.in/content-repository/Pages/ViewNcoDetails.aspx?COBID=3464
Area Technical Lead,area-technical-lead,5242.0101,Automotive,,0.0525,0.63,524,14628,175536,5,,,,,https://www.ncs.gov.in/content-repository/Pages/ViewNcoDetails.aspx?COBID=3465
"Assembler, Automobile",assembler-automobile,8211.1200,Automotive,,0.0034782608695652175,0.08,821,15906,190872,8,,,,,https://www.ncs.gov.in/content-repository/Pages/ViewNcoDetails.aspx?COBID=5996
"Assembler, Motor Cycle",assembler-motor-cycle,8211.1300,Automotive,,0.0034782608695652175,0.08,821,15906,190872,8,,,,,https://www.ncs.gov.in/content-repository/Pages/ViewNcoDetails.aspx?COBID=5997
Assembly Line Machine Setter,assembly-line-machine-setter,7223.0401,Automotive,,0.05666666666666667,0.17,722,15350,184200,7,,,,,https://www.ncs.gov.in/content-repository/Pages/ViewNcoDetails.aspx?COBID=3466
Assembly Line Supervisor,assembly-line-supervisor,3122.0601,Automotive,,0.0375,0.45,312,24199,290388,3,,,,,https://www.ncs.gov.in/content-repository/Pages/ViewNcoDetails.aspx?COBID=3467
Auto Body Painting Technician L3,auto-body-painting-technician-l3,7132.0203,Automotive,,0.24666666666666667,0.74,713,15350,184200,7,,,,,https://www.ncs.gov.in/content-repository/Pages/ViewNcoDetails.aspx?COBID=3469
Auto Body Painting Technician L4,auto-body-painting-technician-l4,7132.0204,Automotive,,0.24666666666666667,0.74,713,15350,184200,7,,,,,https://www.ncs.gov.in/content-repository/Pages/ViewNcoDetails.aspx?COBID=3470
Auto Body Repair Technician/Denter Level 3,auto-body-repair-technician-denter-level-3,7213.0301,Automotive,,0.0642857142857143,0.45,721,15350,184200,7,,,,,https://www.ncs.gov.in/content-repository/Pages/ViewNcoDetails.aspx?COBID=3479
Auto Body Repair Technician/Denter Level 4,auto-body-repair-technician-denter-level-4,7213.0302,Automotive,,0.0642857142857143,0.45,721,15350,184200,7,,,,,https://www.ncs.gov.in/content-repository/Pages/ViewNcoDetails.aspx?COBID=3480
Auto Component Assembly Fitter,auto-component-assembly-fitter,3139.1501,Automotive,,0.05,0.1,313,24199,290388,3,,,,,https://www.ncs.gov.in/content-repository/Pages/ViewNcoDetails.aspx?COBID=3471
Auto Engine Repair Technician,auto-engine-repair-technician,7213.0201,Automotive,,0.0642857142857143,0.45,721,15350,184200,7,,,,,https://www.ncs.gov.in/content-repository/Pages/ViewNcoDetails.aspx?COBID=3472
Auto Rickshaw Driver,auto-rickshaw-driver,8321.0101,Automotive,,0.71,2.84,832,15906,190872,8,8th Passed or 5th Passed or Ability to read and write In relevant field,Up to middle,https://www.nqr.gov.in/qualifications/12166,NQR eligibility criteria,https://www.ncs.gov.in/content-repository/Pages/ViewNcoDetails.aspx?COBID=3473
Auto Service Technician (Two and Three Wheeler),auto-service-technician-two-and-three-wheeler,7231.0501,Automotive,,0.07916666666666666,0.95,723,15350,184200,7,,,,,https://www.ncs.gov.in/content-repository/Pages/ViewNcoDetails.aspx?COBID=3474
Auto Service Technician Level 3,auto-service-technician-level-3,7231.0108,Automotive,,0.07916666666666666,0.95,723,15350,184200,7,,,,,https://www.ncs.gov.in/content-repository/Pages/ViewNcoDetails.aspx?COBID=3475
Auto Service Technician Level 4,auto-service-technician-level-4,7231.0107,Automotive,,0.07916666666666666,0.95,723,15350,184200,7,,,,,https://www.ncs.gov.in/content-repository/Pages/ViewNcoDetails.aspx?COBID=3476
Auto Service Technician Level 5,auto-service-technician-level-5,3115.0601,Automotive,,0.015714285714285715,0.11,311,24199,290388,3,,,,,https://www.ncs.gov.in/content-repository/Pages/ViewNcoDetails.aspx?COBID=3477
Auto Service Technician Level 6,auto-service-technician-level-6,3115.0602,Automotive,,0.015714285714285715,0.11,311,24199,290388,3,,,,,https://www.ncs.gov.in/content-repository/Pages/ViewNcoDetails.aspx?COBID=3478
Automation Specialist,automation-specialist,7412.0101,Automotive,,0.11499999999999999,0.69,741,15350,184200,7,,,,,https://www.ncs.gov.in/content-repository/Pages/ViewNcoDetails.aspx?COBID=3481
Automobile Designer,automobile-designer,2144.0800,Automotive,,0.02090909090909091,0.23,214,35776,429312,2,,,,,https://www.ncs.gov.in/content-repository/Pages/ViewNcoDetails.aspx?COBID=4220
Automotive Electrician,automotive-electrician,7412.0701,Automotive,,0.11499999999999999,0.69,741,15350,184200,7,10th Passed or 11th Passed or 12th Passed or Previous NSQF qualification of Level 2.5,Secondary (10th),https://www.nqr.gov.in/qualifications/11208,NQR eligibility criteria,https://www.ncs.gov.in/content-repository/Pages/ViewNcoDetails.aspx?COBID=3482
Automotive Paint Shop Assistant,automotive-paint-shop-assistant,7132.0901,Automotive,,0.24666666666666667,0.74,713,15350,184200,7,,,,,https://www.ncs.gov.in/content-repository/Pages/ViewNcoDetails.aspx?COBID=3483
Automotive Sales Lead (Retail),automotive-sales-lead-retail,3322.1204,Automotive,,0.016666666666666666,0.3,332,24199,290388,3,,,,,https://www.ncs.gov.in/content-repository/Pages/ViewNcoDetails.aspx?COBID=6824
"Body Builder, Automobile",body-builder-automobile,7522.0600,Automotive,,0.125,0.25,752,15350,184200,7,,,,,https://www.ncs.gov.in/content-repository/Pages/ViewNcoDetails.aspx?COBID=5746
"Body Builder, Other Vehicles",body-builder-other-vehicles,7522.0800,Automotive,,0.125,0.25,752,15350,184200,7,,,,,https://www.ncs.gov.in/content-repository/Pages/ViewNcoDetails.aspx?COBID=5748
Body Shop In-Charge,body-shop-in-charge,3115.0104,Automotive,,0.015714285714285715,0.11,311,24199,290388,3,,,,,https://www.ncs.gov.in/content-repository/Pages/ViewNcoDetails.aspx?COBID=3484
Body Technician Level 3,body-technician-level-3,7231.0103,Automotive,,0.07916666666666666,0.95,723,15350,184200,7,,,,,https://www.ncs.gov.in/content-repository/Pages/ViewNcoDetails.aspx?COBID=3485
Body Technician Level 4,body-technician-level-4,7231.0104,Automotive,,0.07916666666666666,0.95,723,15350,184200,7,,,,,https://www.ncs.gov.in/content-repository/Pages/ViewNcoDetails.aspx?COBID=3486
Brake Specialist,brake-specialist,7231.0105,Automotive,,0.07916666666666666,0.95,723,15350,184200,7,,,,,https://www.ncs.gov.in/content-repository/Pages/ViewNcoDetails.aspx?COBID=3487
Brazer,brazer,7212.0500,Automotive,,0.0642857142857143,0.45,721,15350,184200,7,,,,,https://www.ncs.gov.in/content-repository/Pages/ViewNcoDetails.aspx?COBID=4221
CNC Operator,cnc-operator,7223.5003,Automotive,,0.05666666666666667,0.17,722,15350,184200,7,,,,,https://www.ncs.gov.in/content-repository/Pages/ViewNcoDetails.aspx?COBID=3496
CNC Operator or Machining Technician Level 3,cnc-operator-or-machining-technician-level-3,7223.5002,Automotive,,0.05666666666666667,0.17,722,15350,184200,7,,,,,https://www.ncs.gov.in/content-repository/Pages/ViewNcoDetails.aspx?COBID=3495
Casting Line In-charge,casting-line-in-charge,3122.4401,Automotive,,0.0375,0.45,312,24199,290388,3,,,,,https://www.ncs.gov.in/content-repository/Pages/ViewNcoDetails.aspx?COBID=3488
Casting Line Supervisor,casting-line-supervisor,3122.4402,Automotive,,0.0375,0.45,312,24199,290388,3,,,,,https://www.ncs.gov.in/content-repository/Pages/ViewNcoDetails.aspx?COBID=3489
Casting Techician Sand Moulding,casting-techician-sand-moulding,7211.0201,Automotive,,0.0642857142857143,0.45,721,15350,184200,7,,,,,https://www.ncs.gov.in/content-repository/Pages/ViewNcoDetails.aspx?COBID=3491
Casting Technician L3,casting-technician-l3,8121.3801,Automotive,,0.065,0.13,812,15906,190872,8,,,,,https://www.ncs.gov.in/content-repository/Pages/ViewNcoDetails.aspx?COBID=3468
Casting or Foundry Assistant/Helper,casting-or-foundry-assistant-helper,8121.3301,Automotive,,0.065,0.13,812,15906,190872,8,,,,,https://www.ncs.gov.in/content-repository/Pages/ViewNcoDetails.aspx?COBID=3490
Chauffeur,chauffeur,8322.0102,Automotive,,0.71,2.84,832,15906,190872,8,12th Passed or 10th Passed or Previous NSQF qualification of Level 3,Secondary (10th),https://www.nqr.gov.in/qualifications/13232,NQR eligibility criteria,https://www.ncs.gov.in/content-repository/Pages/ViewNcoDetails.aspx?COBID=3493
Chauffeur Level 5,chauffeur-level-5,8322.0101,Automotive,,0.71,2.84,832,15906,190872,8,,,,,https://www.ncs.gov.in/content-repository/Pages/ViewNcoDetails.aspx?COBID=3492
Cleaner Motor Vehicle,cleaner-motor-vehicle,7231.0900,Automotive,,0.07916666666666666,0.95,723,15350,184200,7,,,,,https://www.ncs.gov.in/content-repository/Pages/ViewNcoDetails.aspx?COBID=4222
"Cleaner, Window",cleaner-window,9122.0100,Automotive,,0.16,0.16,912,10667,128004,9,,,,,https://www.ncs.gov.in/content-repository/Pages/ViewNcoDetails.aspx?COBID=4223
Clutch Specialist,clutch-specialist,7231.0106,Automotive,,0.07916666666666666,0.95,723,15350,184200,7,,,,,https://www.ncs.gov.in/content-repository/Pages/ViewNcoDetails.aspx?COBID=3494
Coding Machine Operator,coding-machine-operator,4132.0600,Automotive,,0.0825,0.33,413,23616,283392,4,,,,,https://www.ncs.gov.in/content-repository/Pages/ViewNcoDetails.aspx?COBID=4224
Commercial Executive Or Officer,commercial-executive-or-officer,5249.0202,Automotive,,0.0525,0.63,524,14628,175536,5,,,,,https://www.ncs.gov.in/content-repository/Pages/ViewNcoDetails.aspx?COBID=3497
Accountant,accountant,2411.0100,BFSI,,0.04666666666666666,0.42,241,35776,429312,2,12th In relevant field or 11th Pursuing Continuous Schooling or 11th In relevant field,Higher secondary (12th),https://www.nqr.gov.in/qualifications/13132,NQR eligibility criteria,https://www.ncs.gov.in/content-repository/Pages/ViewNcoDetails.aspx?COBID=4271
Accounts Executive (Accounts Payable &amp; Receivables),accounts-executive-accounts-payable-amp-receivables,4311.0401,BFSI,,0.025,0.25,431,23616,283392,4,,,,,https://www.ncs.gov.in/content-repository/Pages/ViewNcoDetails.aspx?COBID=3645
Accounts Executive (Payroll),accounts-executive-payroll,4313.0101,BFSI,,0.025,0.25,431,23616,283392,4,,,,,https://www.ncs.gov.in/content-repository/Pages/ViewNcoDetails.aspx?COBID=3646
Accounts Executive (Recording &amp; Reporting),accounts-executive-recording-amp-reporting,4311.0101,BFSI,,0.025,0.25,431,23616,283392,4,,,,,https://www.ncs.gov.in/content-repository/Pages/ViewNcoDetails.aspx?COBID=3647
Accounts Executive (Statutory Compliance),accounts-executive-statutory-compliance,4313.0201,BFSI,,0.025,0.25,431,23616,283392,4,,,,,https://www.ncs.gov.in/content-repository/Pages/ViewNcoDetails.aspx?COBID=3648
Actuary,actuary,2120.0200,BFSI,,0.0,0.0,212,35776,429312,2,,,,,https://www.ncs.gov.in/content-repository/Pages/ViewNcoDetails.aspx?COBID=5123
Audit Clerk,audit-clerk,4311.0500,BFSI,,0.025,0.25,431,23616,283392,4,,,,,https://www.ncs.gov.in/content-repository/Pages/ViewNcoDetails.aspx?COBID=4272
Auditor,auditor,2411.0200,BFSI,,0.04666666666666666,0.42,241,35776,429312,2,,,,,https://www.ncs.gov.in/content-repository/Pages/ViewNcoDetails.aspx?COBID=4273
Bank Clerk,bank-clerk,4311.0200,BFSI,,0.025,0.25,431,23616,283392,4,,,,,https://www.ncs.gov.in/content-repository/Pages/ViewNcoDetails.aspx?COBID=4274
Bill Collector,bill-collector,4214.0100,BFSI,,0.03,0.18,421,23616,283392,4,,,,,https://www.ncs.gov.in/content-repository/Pages/ViewNcoDetails.aspx?COBID=4276
Bill Processing Clerk,bill-processing-clerk,4132.1400,BFSI,,0.0825,0.33,413,23616,283392,4,,,,,https://www.ncs.gov.in/content-repository/Pages/ViewNcoDetails.aspx?COBID=4277
Bill and Accounts Collector,bill-and-accounts-collector,4311.0700,BFSI,,0.025,0.25,431,23616,283392,4,,,,,https://www.ncs.gov.in/content-repository/Pages/ViewNcoDetails.aspx?COBID=4275
Book Keeping Machine Operator,book-keeping-machine-operator,4132.1300,BFSI,,0.0825,0.33,413,23616,283392,4,,,,,https://www.ncs.gov.in/content-repository/Pages/ViewNcoDetails.aspx?COBID=4278
"Broker, Share Market",broker-share-market,3311.0100,BFSI,,0.015,0.09,331,24199,290388,3,,,,,https://www.ncs.gov.in/content-repository/Pages/ViewNcoDetails.aspx?COBID=4279
Budget Analyst,budget-analyst,2412.0300,BFSI,,0.04666666666666666,0.42,241,35776,429312,2,,,,,https://www.ncs.gov.in/content-repository/Pages/ViewNcoDetails.aspx?COBID=5179
Business Correspondent,business-correspondent,4419.0102,BFSI,,0.41,0.41,441,23616,283392,4,,,,,https://www.ncs.gov.in/content-repository/Pages/ViewNcoDetails.aspx?COBID=3649
Cashier,cashier,4211.0200,BFSI,,0.03,0.18,421,23616,283392,4,,,,,https://www.ncs.gov.in/content-repository/Pages/ViewNcoDetails.aspx?COBID=4280
"Clerk, Cost Accounting",clerk-cost-accounting,4311.0600,BFSI,,0.025,0.25,431,23616,283392,4,,,,,https://www.ncs.gov.in/content-repository/Pages/ViewNcoDetails.aspx?COBID=4281
"Clerk, Enquiry",clerk-enquiry,4110.0200,BFSI,,0.355,0.71,411,23616,283392,4,,,,,https://www.ncs.gov.in/content-repository/Pages/ViewNcoDetails.aspx?COBID=4282
"Clerk, General",clerk-general,4110.0100,BFSI,,0.355,0.71,411,23616,283392,4,,,,,https://www.ncs.gov.in/content-repository/Pages/ViewNcoDetails.aspx?COBID=4283
Commission Agent,commission-agent,2412.0600,BFSI,,0.04666666666666666,0.42,241,35776,429312,2,,,,,https://www.ncs.gov.in/content-repository/Pages/ViewNcoDetails.aspx?COBID=5181
Computer Operator,computer-operator,4131.0600,BFSI,,0.0825,0.33,413,23616,283392,4,,,,,https://www.ncs.gov.in/content-repository/Pages/ViewNcoDetails.aspx?COBID=4284
Cost Accountant,cost-accountant,2411.0300,BFSI,,0.04666666666666666,0.42,241,35776,429312,2,,,,,https://www.ncs.gov.in/content-repository/Pages/ViewNcoDetails.aspx?COBID=4285
Debt Recovery Agent,debt-recovery-agent,4214.0201,BFSI,,0.03,0.18,421,23616,283392,4,11th Passed or 1st Year of Diploma Completed or 10th Passed or 8th Passed or 10th Pursuing Continuous Schooling or Previous NSQF qualification of Level 3 or Previous NSQF qualification of Level 3.5,Up to middle,https://www.nqr.gov.in/qualifications/12942,NQR eligibility criteria,https://www.ncs.gov.in/content-repository/Pages/ViewNcoDetails.aspx?COBID=3650
"Director, Bank",director-bank,1120.0700,BFSI,,0.2557142857142857,1.79,112,42993,515916,1,,,,,https://www.ncs.gov.in/content-repository/Pages/ViewNcoDetails.aspx?COBID=3567
"Director, Insurance",director-insurance,1120.0800,BFSI,,0.2557142857142857,1.79,112,42993,515916,1,,,,,https://www.ncs.gov.in/content-repository/Pages/ViewNcoDetails.aspx?COBID=3597
Equity Dealer,equity-dealer,3311.0201,BFSI,,0.015,0.09,331,24199,290388,3,,,,,https://www.ncs.gov.in/content-repository/Pages/ViewNcoDetails.aspx?COBID=3651
"Field Officer, Insurance",field-officer-insurance,2433.9900,BFSI,,0.05666666666666667,0.17,243,35776,429312,2,,,,,https://www.ncs.gov.in/content-repository/Pages/ViewNcoDetails.aspx?COBID=4286
Finance Agent,finance-agent,3312.0100,BFSI,,0.015,0.09,331,24199,290388,3,,,,,https://www.ncs.gov.in/content-repository/Pages/ViewNcoDetails.aspx?COBID=4287
Financial Analyst,financial-analyst,2412.0200,BFSI,,0.04666666666666666,0.42,241,35776,429312,2,,,,,https://www.ncs.gov.in/content-repository/Pages/ViewNcoDetails.aspx?COBID=5178
Financial Examiner,financial-examiner,2412.0100,BFSI,,0.04666666666666666,0.42,241,35776,429312,2,,,,,https://www.ncs.gov.in/content-repository/Pages/ViewNcoDetails.aspx?COBID=5177
"General Manager, Bank",general-manager-bank,1211.0100,BFSI,,0.13666666666666666,0.41,121,42993,515916,1,,,,,https://www.ncs.gov.in/content-repository/Pages/ViewNcoDetails.aspx?COBID=4288
"General Manager, Insurance",general-manager-insurance,1211.0200,BFSI,,0.13666666666666666,0.41,121,42993,515916,1,,,,,https://www.ncs.gov.in/content-repository/Pages/ViewNcoDetails.aspx?COBID=4289
"Insurance Adjuster, Examiner, Surveyor and Investigator",insurance-adjuster-examiner-surveyor-and-investigator,3321.0200,BFSI,,0.016666666666666666,0.3,332,24199,290388,3,,,,,https://www.ncs.gov.in/content-repository/Pages/ViewNcoDetails.aspx?COBID=4290
Insurance Agent,insurance-agent,3321.0100,BFSI,,0.016666666666666666,0.3,332,24199,290388,3,11th Passed or 3 year Diploma after 10th Pursuing or 10th Passed or 8th Passed or 10th Pursuing Continuous Schooling or Previous NSQF qualification of Level 3 or Previous NSQF qualification of Level 3.5,Up to middle,https://www.nqr.gov.in/qualifications/13009,NQR eligibility criteria,https://www.ncs.gov.in/content-repository/Pages/ViewNcoDetails.aspx?COBID=4291
"Jobber, Share Market",jobber-share-market,3311.0200,BFSI,,0.015,0.09,331,24199,290388,3,,,,,https://www.ncs.gov.in/content-repository/Pages/ViewNcoDetails.aspx?COBID=4292
Ledger Clerk,ledger-clerk,4311.0300,BFSI,,0.025,0.25,431,23616,283392,4,,,,,https://www.ncs.gov.in/content-repository/Pages/ViewNcoDetails.aspx?COBID=4293
Loan Approval Officer,loan-approval-officer,3312.0101,BFSI,,0.015,0.09,331,24199,290388,3,,,,,https://www.ncs.gov.in/content-repository/Pages/ViewNcoDetails.aspx?COBID=3652
"Manager, Bank",manager-bank,1346.0100,BFSI,,0.06,0.12,134,42993,515916,1,,,,,https://www.ncs.gov.in/content-repository/Pages/ViewNcoDetails.aspx?COBID=4294
"Manager, Insurance",manager-insurance,1346.0200,BFSI,,0.06,0.12,134,42993,515916,1,,,,,https://www.ncs.gov.in/content-repository/Pages/ViewNcoDetails.aspx?COBID=4295
Mutual Fund Agent,mutual-fund-agent,3311.0202,BFSI,,0.015,0.09,331,24199,290388,3,,,,,https://www.ncs.gov.in/content-repository/Pages/ViewNcoDetails.aspx?COBID=3653
Operation Research Analyst,operation-research-analyst,2120.0500,BFSI,,0.0,0.0,212,35776,429312,2,,,,,https://www.ncs.gov.in/content-repository/Pages/ViewNcoDetails.aspx?COBID=5126
Personal Secretary,personal-secretary,4120.0200,BFSI,,0.015,0.03,412,23616,283392,4,,,,,https://www.ncs.gov.in/content-repository/Pages/ViewNcoDetails.aspx?COBID=4296
Private Secretary,private-secretary,4120.0100,BFSI,,0.015,0.03,412,23616,283392,4,,,,,https://www.ncs.gov.in/content-repository/Pages/ViewNcoDetails.aspx?COBID=4297
Reception Clerk,reception-clerk,4226.0100,BFSI,,0.055,0.11,422,23616,283392,4,,,,,https://www.ncs.gov.in/content-repository/Pages/ViewNcoDetails.aspx?COBID=4298
Risk Management Analyst,risk-management-analyst,2412.0400,BFSI,,0.04666666666666666,0.42,241,35776,429312,2,,,,,https://www.ncs.gov.in/content-repository/Pages/ViewNcoDetails.aspx?COBID=5180
Statistical Clerks,statistical-clerks,4312.0100,BFSI,,0.025,0.25,431,23616,283392,4,,,,,https://www.ncs.gov.in/content-repository/Pages/ViewNcoDetails.aspx?COBID=4299
Statistician,statistician,2120.0300,BFSI,,0.0,0.0,212,35776,429312,2,,,,,https://www.ncs.gov.in/content-repository/Pages/ViewNcoDetails.aspx?COBID=5124
"Statistician, Applied",statistician-applied,2120.0400,BFSI,,0.0,0.0,212,35776,429312,2,,,,,https://www.ncs.gov.in/content-repository/Pages/ViewNcoDetails.aspx?COBID=5125
Teller Bank,teller-bank,4211.0400,BFSI,,0.03,0.18,421,23616,283392,4,,,,,https://www.ncs.gov.in/content-repository/Pages/ViewNcoDetails.aspx?COBID=4300
Aesthetician,aesthetician,5142.0105,Beauty and Wellness,,0.015151515151515152,0.5,514,14628,175536,5,,,,,https://www.ncs.gov.in/content-repository/Pages/ViewNcoDetails.aspx?COBID=6827
Assistant Beautician,assistant-beautician,5142.0101,Beauty and Wellness,,0.015151515151515152,0.5,514,14628,175536,5,10th Passed or Previous NSQF qualification of Level 2.5,Secondary (10th),https://www.nqr.gov.in/qualifications/13704,NQR eligibility criteria,https://www.ncs.gov.in/content-repository/Pages/ViewNcoDetails.aspx?COBID=3642
Assistant Beauty/Wellness Consultant,assistant-beauty-wellness-consultant,5223.0106,Beauty and Wellness,,1.34,6.7,522,14628,175536,5,,,,,https://www.ncs.gov.in/content-repository/Pages/ViewNcoDetails.aspx?COBID=6407
Assistant Hair Stylist,assistant-hair-stylist,5141.0201,Beauty and Wellness,,0.015151515151515152,0.5,514,14628,175536,5,,,,,https://www.ncs.gov.in/content-repository/Pages/ViewNcoDetails.aspx?COBID=3643
Assistant Nail Technician,assistant-nail-technician,5142.0202,Beauty and Wellness,,0.015151515151515152,0.5,514,14628,175536,5,8th Pursuing Continuous Schooling or 8th Passed,Up to middle,https://www.nqr.gov.in/qualifications/3971,NQR eligibility criteria,https://www.ncs.gov.in/content-repository/Pages/ViewNcoDetails.aspx?COBID=6408
Assistant Spa Therapist,assistant-spa-therapist,5142.0802,Beauty and Wellness,,0.015151515151515152,0.5,514,14628,175536,5,8th Pursuing Continuous Schooling or 8th Passed or 8th N.A.,Up to middle,https://www.nqr.gov.in/qualifications/3972,NQR eligibility criteria,https://www.ncs.gov.in/content-repository/Pages/ViewNcoDetails.aspx?COBID=6409
Assistant Tattoo Artist,assistant-tattoo-artist,5142.0141,Beauty and Wellness,,0.015151515151515152,0.5,514,14628,175536,5,10th Passed or 8th Completed or 9th Passed or 8th Passed or Previous NSQF qualification of Level 2.5 or Previous NSQF qualification of Level 2,Up to middle,https://www.nqr.gov.in/qualifications/12214,NQR eligibility criteria,https://www.ncs.gov.in/content-repository/Pages/ViewNcoDetails.aspx?COBID=6848
Barber,barber,5141.0300,Beauty and Wellness,,0.015151515151515152,0.5,514,14628,175536,5,,,,,https://www.ncs.gov.in/content-repository/Pages/ViewNcoDetails.aspx?COBID=4260
Bath Attendant,bath-attendant,5142.0700,Beauty and Wellness,,0.015151515151515152,0.5,514,14628,175536,5,,,,,https://www.ncs.gov.in/content-repository/Pages/ViewNcoDetails.aspx?COBID=4261
Beautician,beautician,5142.0100,Beauty and Wellness,,0.015151515151515152,0.5,514,14628,175536,5,10th Passed or 8th Passed or Previous NSQF qualification of Level 2.5,Up to middle,https://www.nqr.gov.in/qualifications/13768,NQR eligibility criteria,https://www.ncs.gov.in/content-repository/Pages/ViewNcoDetails.aspx?COBID=4262
Beauty Advisor,beauty-advisor,5142.0103,Beauty and Wellness,,0.015151515151515152,0.5,514,14628,175536,5,,,,,https://www.ncs.gov.in/content-repository/Pages/ViewNcoDetails.aspx?COBID=6410
Beauty Therapist,beauty-therapist,5142.0102,Beauty and Wellness,,0.015151515151515152,0.5,514,14628,175536,5,10th Pursuing Continuous Schooling or 10th Passed or Previous NSQF qualification of Level 3,Secondary (10th),https://www.nqr.gov.in/qualifications/3973,NQR eligibility criteria,https://www.ncs.gov.in/content-repository/Pages/ViewNcoDetails.aspx?COBID=6411
Bridal Fashion and Photographic Make-Up Artist,bridal-fashion-and-photographic-make-up-artist,5142.0401,Beauty and Wellness,,0.015151515151515152,0.5,514,14628,175536,5,,,,,https://www.ncs.gov.in/content-repository/Pages/ViewNcoDetails.aspx?COBID=6412
Category Expert,category-expert,2320.0233,Beauty and Wellness,,0.0016666666666666668,0.02,232,35776,429312,2,,,,,https://www.ncs.gov.in/content-repository/Pages/ViewNcoDetails.aspx?COBID=6846
Cosmetic Dermatology Technician,cosmetic-dermatology-technician,5142.0125,Beauty and Wellness,,0.015151515151515152,0.5,514,14628,175536,5,,,,,https://www.ncs.gov.in/content-repository/Pages/ViewNcoDetails.aspx?COBID=6839
Cosmetic Dermatology Trainer,cosmetic-dermatology-trainer,2320.0205,Beauty and Wellness,,0.0016666666666666668,0.02,232,35776,429312,2,,,,,https://www.ncs.gov.in/content-repository/Pages/ViewNcoDetails.aspx?COBID=6841
"Dresser, Stage and Studio",dresser-stage-and-studio,5142.0500,Beauty and Wellness,,0.015151515151515152,0.5,514,14628,175536,5,,,,,https://www.ncs.gov.in/content-repository/Pages/ViewNcoDetails.aspx?COBID=4263
Hair Advisor,hair-advisor,5141.0101,Beauty and Wellness,,0.015151515151515152,0.5,514,14628,175536,5,,,,,https://www.ncs.gov.in/content-repository/Pages/ViewNcoDetails.aspx?COBID=6413
Hair Care Trainer,hair-care-trainer,2320.0211,Beauty and Wellness,,0.0016666666666666668,0.02,232,35776,429312,2,,,,,https://www.ncs.gov.in/content-repository/Pages/ViewNcoDetails.aspx?COBID=6831
Hair Dresser (Ladies),hair-dresser-ladies,5141.0100,Beauty and Wellness,,0.015151515151515152,0.5,514,14628,175536,5,,,,,https://www.ncs.gov.in/content-repository/Pages/ViewNcoDetails.aspx?COBID=4264
Hair Stylist,hair-stylist,5141.0202,Beauty and Wellness,,0.015151515151515152,0.5,514,14628,175536,5,,,,,https://www.ncs.gov.in/content-repository/Pages/ViewNcoDetails.aspx?COBID=4265
Institute Head,institute-head,1120.3911,Beauty and Wellness,,0.2557142857142857,1.79,112,42993,515916,1,,,,,https://www.ncs.gov.in/content-repository/Pages/ViewNcoDetails.aspx?COBID=6847
Intern,intern,2320.0202,Beauty and Wellness,,0.0016666666666666668,0.02,232,35776,429312,2,,,,,https://www.ncs.gov.in/content-repository/Pages/ViewNcoDetails.aspx?COBID=6842
Junior Faculty,junior-faculty,2320.0231,Beauty and Wellness,,0.0016666666666666668,0.02,232,35776,429312,2,,,,,https://www.ncs.gov.in/content-repository/Pages/ViewNcoDetails.aspx?COBID=6843
Make-Up Man,make-up-man,5142.0400,Beauty and Wellness,,0.015151515151515152,0.5,514,14628,175536,5,,,,,https://www.ncs.gov.in/content-repository/Pages/ViewNcoDetails.aspx?COBID=4266
Make-Up Trainer,make-up-trainer,2320.0221,Beauty and Wellness,,0.0016666666666666668,0.02,232,35776,429312,2,,,,,https://www.ncs.gov.in/content-repository/Pages/ViewNcoDetails.aspx?COBID=6834
Manicurist,manicurist,5142.0200,Beauty and Wellness,,0.015151515151515152,0.5,514,14628,175536,5,,,,,https://www.ncs.gov.in/content-repository/Pages/ViewNcoDetails.aspx?COBID=4267
Mehendi Specialist,mehendi-specialist,5142.0211,Beauty and Wellness,,0.015151515151515152,0.5,514,14628,175536,5,,,,,https://www.ncs.gov.in/content-repository/Pages/ViewNcoDetails.aspx?COBID=6832
Nail Technician,nail-technician,5142.0203,Beauty and Wellness,,0.015151515151515152,0.5,514,14628,175536,5,10th Passed or 11th Passed or Previous NSQF qualification of Level 3 or Previous NSQF qualification of Level 3.5,Secondary (10th),https://www.nqr.gov.in/qualifications/14848,NQR eligibility criteria,https://www.ncs.gov.in/content-repository/Pages/ViewNcoDetails.aspx?COBID=6836
Nails Trainer,nails-trainer,2320.0225,Beauty and Wellness,,0.0016666666666666668,0.02,232,35776,429312,2,,,,,https://www.ncs.gov.in/content-repository/Pages/ViewNcoDetails.aspx?COBID=6838
Pedicurist and Manicurist,pedicurist-and-manicurist,5142.0201,Beauty and Wellness,,0.015151515151515152,0.5,514,14628,175536,5,8th Passed or Previous NSQF qualification of Level 2 or Previous NSQF qualification of Level 2.5,Up to middle,https://www.nqr.gov.in/qualifications/14849,NQR eligibility criteria,https://www.ncs.gov.in/content-repository/Pages/ViewNcoDetails.aspx?COBID=3644
Senior Barber,senior-barber,5141.0303,Beauty and Wellness,,0.015151515151515152,0.5,514,14628,175536,5,,,,,https://www.ncs.gov.in/content-repository/Pages/ViewNcoDetails.aspx?COBID=6830
Senior Beauty Therapist,senior-beauty-therapist,5142.0104,Beauty and Wellness,,0.015151515151515152,0.5,514,14628,175536,5,Previous NSQF qualification of Level 4 or 10th Passed or 12th Passed or Diploma Pursuing or UG 1st year Completed,Secondary (10th),https://www.nqr.gov.in/qualifications/3983,NQR eligibility criteria,https://www.ncs.gov.in/content-repository/Pages/ViewNcoDetails.aspx?COBID=6826
Senior Cosmetic Dermatology Technician,senior-cosmetic-dermatology-technician,5142.0126,Beauty and Wellness,,0.015151515151515152,0.5,514,14628,175536,5,,,,,https://www.ncs.gov.in/content-repository/Pages/ViewNcoDetails.aspx?COBID=6840
Senior Faculty,senior-faculty,2320.0232,Beauty and Wellness,,0.0016666666666666668,0.02,232,35776,429312,2,,,,,https://www.ncs.gov.in/content-repository/Pages/ViewNcoDetails.aspx?COBID=6844
Senior Nail Technician,senior-nail-technician,5142.0204,Beauty and Wellness,,0.015151515151515152,0.5,514,14628,175536,5,,,,,https://www.ncs.gov.in/content-repository/Pages/ViewNcoDetails.aspx?COBID=6837
Senior Prosthetic and Media Make-Up Artist,senior-prosthetic-and-media-make-up-artist,5142.0411,Beauty and Wellness,,0.015151515151515152,0.5,514,14628,175536,5,,,,,https://www.ncs.gov.in/content-repository/Pages/ViewNcoDetails.aspx?COBID=6833
Senior Spa Therapist,senior-spa-therapist,5142.0311,Beauty and Wellness,,0.015151515151515152,0.5,514,14628,175536,5,,,,,https://www.ncs.gov.in/content-repository/Pages/ViewNcoDetails.aspx?COBID=6851
Senior Stylist,senior-stylist,5141.0203,Beauty and Wellness,,0.015151515151515152,0.5,514,14628,175536,5,,,,,https://www.ncs.gov.in/content-repository/Pages/ViewNcoDetails.aspx?COBID=6829
Skin Care Specialist,skin-care-specialist,5142.0300,Beauty and Wellness,,0.015151515151515152,0.5,514,14628,175536,5,,,,,https://www.ncs.gov.in/content-repository/Pages/ViewNcoDetails.aspx?COBID=4268
Skincare Trainer,skincare-trainer,2320.0201,Beauty and Wellness,,0.0016666666666666668,0.02,232,35776,429312,2,,,,,https://www.ncs.gov.in/content-repository/Pages/ViewNcoDetails.aspx?COBID=6828
Spa Therapist,spa-therapist,5142.0801,Beauty and Wellness,,0.015151515151515152,0.5,514,14628,175536,5,10th Passed or 10th Pursuing Continuous Schooling or Previous NSQF qualification of Level 3,Secondary (10th),https://www.nqr.gov.in/qualifications/3985,NQR eligibility criteria,https://www.ncs.gov.in/content-repository/Pages/ViewNcoDetails.aspx?COBID=6414
Spa Trainer,spa-trainer,2320.0251,Beauty and Wellness,,0.0016666666666666668,0.02,232,35776,429312,2,,,,,https://www.ncs.gov.in/content-repository/Pages/ViewNcoDetails.aspx?COBID=6852
Tattoo Artist,tattoo-artist,3435.0101,Beauty and Wellness,,0.06,0.12,343,24199,290388,3,,,,,https://www.ncs.gov.in/content-repository/Pages/ViewNcoDetails.aspx?COBID=4269
Tattoo Trainer,tattoo-trainer,2320.0261,Beauty and Wellness,,0.0016666666666666668,0.02,232,35776,429312,2,,,,,https://www.ncs.gov.in/content-repository/Pages/ViewNcoDetails.aspx?COBID=6850
Technical Head,technical-head,2320.0241,Beauty and Wellness,,0.0016666666666666668,0.02,232,35776,429312,2,,,,,https://www.ncs.gov.in/content-repository/Pages/ViewNcoDetails.aspx?COBID=6845
Theatrical and Media Make-Up Artist,theatrical-and-media-make-up-artist,5142.0415,Beauty and Wellness,,0.015151515151515152,0.5,514,14628,175536,5,,,,,https://www.ncs.gov.in/content-repository/Pages/ViewNcoDetails.aspx?COBID=6835
Wigman,wigman,5142.0600,Beauty and Wellness,,0.015151515151515152,0.5,514,14628,175536,5,,,,,https://www.ncs.gov.in/content-repository/Pages/ViewNcoDetails.aspx?COBID=4270
AOI Machine Operator,aoi-machine-operator,3113.0803,Electronics and HW,,0.015714285714285715,0.11,311,24199,290388,3,,,,,https://www.ncs.gov.in/content-repository/Pages/ViewNcoDetails.aspx?COBID=3693
Access Controls Installation Technician,access-controls-installation-technician,7411.0101,Electronics and HW,,0.11499999999999999,0.69,741,15350,184200,7,,,,,https://www.ncs.gov.in/content-repository/Pages/ViewNcoDetails.aspx?COBID=3692
Area Sales Officer,area-sales-officer,2433.0101,Electronics and HW,,0.05666666666666667,0.17,243,35776,429312,2,,,,,https://www.ncs.gov.in/content-repository/Pages/ViewNcoDetails.aspx?COBID=3694
Assembler Precision Instrument,assembler-precision-instrument,8212.0700,Electronics and HW,,0.0034782608695652175,0.08,821,15906,190872,8,,,,,https://www.ncs.gov.in/content-repository/Pages/ViewNcoDetails.aspx?COBID=4505
"Assembler, Refrigerator and Air Conditioning Unit",assembler-refrigerator-and-air-conditioning-unit,8211.0400,Electronics and HW,,0.0034782608695652175,0.08,821,15906,190872,8,,,,,https://www.ncs.gov.in/content-repository/Pages/ViewNcoDetails.aspx?COBID=4506
Assembly Line Operator,assembly-line-operator,7422.1901,Electronics and HW,,0.02125,0.17,742,15350,184200,7,10th Completed or 8th Passed or 8th Completed,Up to middle,https://www.nqr.gov.in/qualifications/2925,NQR eligibility criteria,https://www.ncs.gov.in/content-repository/Pages/ViewNcoDetails.aspx?COBID=3695
Assembly Operator (Radio Manufacturing),assembly-operator-radio-manufacturing,8212.0900,Electronics and HW,,0.0034782608695652175,0.08,821,15906,190872,8,,,,,https://www.ncs.gov.in/content-repository/Pages/ViewNcoDetails.aspx?COBID=4507
Assembly Operator (Telephone Equipment Manufacturing),assembly-operator-telephone-equipment-manufacturing,8212.0800,Electronics and HW,,0.0034782608695652175,0.08,821,15906,190872,8,,,,,https://www.ncs.gov.in/content-repository/Pages/ViewNcoDetails.aspx?COBID=4508
Assembly Operator – Capacitor,assembly-operator-capacitor,8212.1801,Electronics and HW,,0.0034782608695652175,0.08,821,15906,190872,8,,,,,https://www.ncs.gov.in/content-repository/Pages/ViewNcoDetails.aspx?COBID=3696
Assembly Operator – Energy Meter,assembly-operator-energy-meter,8212.2001,Electronics and HW,,0.0034782608695652175,0.08,821,15906,190872,8,,,,,https://www.ncs.gov.in/content-repository/Pages/ViewNcoDetails.aspx?COBID=3697
Assembly Operator – PMD and X-Ray,assembly-operator-pmd-and-x-ray,8212.2201,Electronics and HW,,0.0034782608695652175,0.08,821,15906,190872,8,,,,,https://www.ncs.gov.in/content-repository/Pages/ViewNcoDetails.aspx?COBID=3699
Assembly Operator – TV,assembly-operator-tv,8212.1401,Electronics and HW,,0.0034782608695652175,0.08,821,15906,190872,8,8th Completed or 12th Completed or 10th Completed or Previous NSQF qualification of Level 3,Up to middle,https://www.nqr.gov.in/qualifications/2737,NQR eligibility criteria,https://www.ncs.gov.in/content-repository/Pages/ViewNcoDetails.aspx?COBID=3700
Assembly Operator-PLC,assembly-operator-plc,8212.2002,Electronics and HW,,0.0034782608695652175,0.08,821,15906,190872,8,,,,,https://www.ncs.gov.in/content-repository/Pages/ViewNcoDetails.aspx?COBID=3698
Assembly Supervisor,assembly-supervisor,3138.0101,Electronics and HW,,0.05,0.1,313,24199,290388,3,,,,,https://www.ncs.gov.in/content-repository/Pages/ViewNcoDetails.aspx?COBID=3701
Auto-tester Capacitor,auto-tester-capacitor,7421.1201,Electronics and HW,,0.02125,0.17,742,15350,184200,7,,,,,https://www.ncs.gov.in/content-repository/Pages/ViewNcoDetails.aspx?COBID=3702
Automated_Optical_Inspection_Operator,automated-optical-inspection-operator,7412.0103,Electronics and HW,,0.11499999999999999,0.69,741,15350,184200,7,,,,,https://www.ncs.gov.in/content-repository/Pages/ViewNcoDetails.aspx?COBID=3703
Bare Board Testing Operator,bare-board-testing-operator,7412.0104,Electronics and HW,,0.11499999999999999,0.69,741,15350,184200,7,,,,,https://www.ncs.gov.in/content-repository/Pages/ViewNcoDetails.aspx?COBID=3704
Box Assembly Operator,box-assembly-operator,8212.2202,Electronics and HW,,0.0034782608695652175,0.08,821,15906,190872,8,,,,,https://www.ncs.gov.in/content-repository/Pages/ViewNcoDetails.aspx?COBID=3706
Box-building Assembly Technician,box-building-assembly-technician,8212.1607,Electronics and HW,,0.0034782608695652175,0.08,821,15906,190872,8,,,,,https://www.ncs.gov.in/content-repository/Pages/ViewNcoDetails.aspx?COBID=3707
Business Development Executive,business-development-executive,2433.0601,Electronics and HW,,0.05666666666666667,0.17,243,35776,429312,2,,,,,https://www.ncs.gov.in/content-repository/Pages/ViewNcoDetails.aspx?COBID=3708
CCTV Installation Technician,cctv-installation-technician,7411.0102,Electronics and HW,,0.11499999999999999,0.69,741,15350,184200,7,10th Completed or 12th Completed or 3 year Diploma after 10th Completed or Previous NSQF qualification of Level 3.5,Secondary (10th),https://www.nqr.gov.in/qualifications/13749,NQR eligibility criteria,https://www.ncs.gov.in/content-repository/Pages/ViewNcoDetails.aspx?COBID=3711
Cable Jointer,cable-jointer,7422.0800,Electronics and HW,,0.02125,0.17,742,15350,184200,7,,,,,https://www.ncs.gov.in/content-repository/Pages/ViewNcoDetails.aspx?COBID=4509
"Cable Maker, Rack Wiring (Telephone Equipment Manufacturing)",cable-maker-rack-wiring-telephone-equipment-manufacturing,8212.1100,Electronics and HW,,0.0034782608695652175,0.08,821,15906,190872,8,,,,,https://www.ncs.gov.in/content-repository/Pages/ViewNcoDetails.aspx?COBID=4510
Cable Television Installer,cable-television-installer,7422.1200,Electronics and HW,,0.02125,0.17,742,15350,184200,7,,,,,https://www.ncs.gov.in/content-repository/Pages/ViewNcoDetails.aspx?COBID=4511
Calibration Engineer,calibration-engineer,7311.1002,Electronics and HW,,1.13,1.13,731,15350,184200,7,,,,,https://www.ncs.gov.in/content-repository/Pages/ViewNcoDetails.aspx?COBID=3709
Capping Operator,capping-operator,8212.1904,Electronics and HW,,0.0034782608695652175,0.08,821,15906,190872,8,,,,,https://www.ncs.gov.in/content-repository/Pages/ViewNcoDetails.aspx?COBID=3710
Carrier Attendant (Telephone),carrier-attendant-telephone,7422.0700,Electronics and HW,,0.02125,0.17,742,15350,184200,7,,,,,https://www.ncs.gov.in/content-repository/Pages/ViewNcoDetails.aspx?COBID=4512
Circuit Imaging Operator,circuit-imaging-operator,7321.0802,Electronics and HW,,0.045,0.09,732,15350,184200,7,,,,,https://www.ncs.gov.in/content-repository/Pages/ViewNcoDetails.aspx?COBID=3712
Circuit Imaging Operator,circuit-imaging-operator,7321.0801,Electronics and HW,,0.045,0.09,732,15350,184200,7,,,,,https://www.ncs.gov.in/content-repository/Pages/ViewNcoDetails.aspx?COBID=3713
"Coating, Curing and Marking Operator",coating-curing-and-marking-operator,8212.1804,Electronics and HW,,0.0034782608695652175,0.08,821,15906,190872,8,,,,,https://www.ncs.gov.in/content-repository/Pages/ViewNcoDetails.aspx?COBID=3714
Component Preparation Operator,component-preparation-operator,8212.1606,Electronics and HW,,0.0034782608695652175,0.08,821,15906,190872,8,,,,,https://www.ncs.gov.in/content-repository/Pages/ViewNcoDetails.aspx?COBID=3715
Customer Care Executive,customer-care-executive,5244.0301,Electronics and HW,,0.0525,0.63,524,14628,175536,5,,,,,https://www.ncs.gov.in/content-repository/Pages/ViewNcoDetails.aspx?COBID=3716
Customer Inspection Technician,customer-inspection-technician,3113.0701,Electronics and HW,,0.015714285714285715,0.11,311,24199,290388,3,,,,,https://www.ncs.gov.in/content-repository/Pages/ViewNcoDetails.aspx?COBID=3717
"Cutting, Crimping and Connector Assembly Operator",cutting-crimping-and-connector-assembly-operator,8212.0401,Electronics and HW,,0.0034782608695652175,0.08,821,15906,190872,8,,,,,https://www.ncs.gov.in/content-repository/Pages/ViewNcoDetails.aspx?COBID=3718
DAS Set-top Box Installer and Service Technician,das-set-top-box-installer-and-service-technician,7422.1203,Electronics and HW,,0.02125,0.17,742,15350,184200,7,,,,,https://www.ncs.gov.in/content-repository/Pages/ViewNcoDetails.aspx?COBID=3719
DTH Set-top-box Installer and Service Technician,dth-set-top-box-installer-and-service-technician,7422.1202,Electronics and HW,,0.02125,0.17,742,15350,184200,7,12th Completed or 10th Completed or Previous NSQF qualification of Level 3 or 8th Passed,Up to middle,https://www.nqr.gov.in/qualifications/2286,NQR eligibility criteria,https://www.ncs.gov.in/content-repository/Pages/ViewNcoDetails.aspx?COBID=3727
Design Engineer,design-engineer,2152.0501,Electronics and HW,,0.01,0.06,215,35776,429312,2,,,,,https://www.ncs.gov.in/content-repository/Pages/ViewNcoDetails.aspx?COBID=3720
Design-for-Manufacture_Engineer,design-for-manufacture-engineer,2151.0701,Electronics and HW,,0.01,0.06,215,35776,429312,2,,,,,https://www.ncs.gov.in/content-repository/Pages/ViewNcoDetails.aspx?COBID=3721
Design-for-Test Engineer,design-for-test-engineer,2152.0502,Electronics and HW,,0.01,0.06,215,35776,429312,2,,,,,https://www.ncs.gov.in/content-repository/Pages/ViewNcoDetails.aspx?COBID=3722
Die Bonding Operator,die-bonding-operator,8212.1702,Electronics and HW,,0.0034782608695652175,0.08,821,15906,190872,8,,,,,https://www.ncs.gov.in/content-repository/Pages/ViewNcoDetails.aspx?COBID=3723
Disk Duplicator,disk-duplicator,3512.0401,Electronics and HW,,0.06,0.06,351,24199,290388,3,,,,,https://www.ncs.gov.in/content-repository/Pages/ViewNcoDetails.aspx?COBID=3724
Draftsman,draftsman,3118.0301,Electronics and HW,,0.015714285714285715,0.11,311,24199,290388,3,,,,,https://www.ncs.gov.in/content-repository/Pages/ViewNcoDetails.aspx?COBID=3725
Drilling Operator,drilling-operator,8212.2502,Electronics and HW,,0.0034782608695652175,0.08,821,15906,190872,8,,,,,https://www.ncs.gov.in/content-repository/Pages/ViewNcoDetails.aspx?COBID=3726
Electrical Assembly Operator-Control Panel,electrical-assembly-operator-control-panel,8212.0402,Electronics and HW,,0.0034782608695652175,0.08,821,15906,190872,8,8th Completed or 10th Completed or 5th Completed,Up to middle,https://www.nqr.gov.in/qualifications/2739,NQR eligibility criteria,https://www.ncs.gov.in/content-repository/Pages/ViewNcoDetails.aspx?COBID=3728
Electrical Design Developer,electrical-design-developer,2151.0202,Electronics and HW,,0.01,0.06,215,35776,429312,2,,,,,https://www.ncs.gov.in/content-repository/Pages/ViewNcoDetails.aspx?COBID=3729
Electrical Technician,electrical-technician,8212.2401,Electronics and HW,,0.0034782608695652175,0.08,821,15906,190872,8,,,,,https://www.ncs.gov.in/content-repository/Pages/ViewNcoDetails.aspx?COBID=3730
Electronic Engineer,electronic-engineer,2152.0200,Electronics and HW,,0.01,0.06,215,35776,429312,2,,,,,https://www.ncs.gov.in/content-repository/Pages/ViewNcoDetails.aspx?COBID=4514
Electronic Hardware Design Engineer,electronic-hardware-design-engineer,2152.0801,Electronics and HW,,0.01,0.06,215,35776,429312,2,UG Diploma Completed or 3 year Diploma after 10th Completed or Previous NSQF qualification of Level 4.5,Diploma / ITI / Certificate,https://www.nqr.gov.in/qualifications/13901,NQR eligibility criteria,https://www.ncs.gov.in/content-repository/Pages/ViewNcoDetails.aspx?COBID=3731
Electronic Mechanic,electronic-mechanic,7421.0300,Electronics and HW,,0.02125,0.17,742,15350,184200,7,,,,,https://www.ncs.gov.in/content-repository/Pages/ViewNcoDetails.aspx?COBID=4515
Electronic Sub-Assembly Technician,electronic-sub-assembly-technician,8212.2601,Electronics and HW,,0.0034782608695652175,0.08,821,15906,190872,8,,,,,https://www.ncs.gov.in/content-repository/Pages/ViewNcoDetails.aspx?COBID=3732
"Administrator, Hospital",administrator-hospital,2263.0200,Healthcare,,0.01,0.1,226,35776,429312,2,,,,,https://www.ncs.gov.in/content-repository/Pages/ViewNcoDetails.aspx?COBID=4555
Allergy Specialist,allergy-specialist,2212.0300,Healthcare,,0.02,0.16,221,35776,429312,2,,,,,https://www.ncs.gov.in/content-repository/Pages/ViewNcoDetails.aspx?COBID=4556
Anaesthesia Technician,anaesthesia-technician,3212.0301,Healthcare,,0.012,0.12,321,24199,290388,3,,,,,https://www.ncs.gov.in/content-repository/Pages/ViewNcoDetails.aspx?COBID=3896
Anaesthetist,anaesthetist,2211.0400,Healthcare,,0.02,0.16,221,35776,429312,2,,,,,https://www.ncs.gov.in/content-repository/Pages/ViewNcoDetails.aspx?COBID=4557
"Anatomist, Medical",anatomist-medical,2211.0300,Healthcare,,0.02,0.16,221,35776,429312,2,,,,,https://www.ncs.gov.in/content-repository/Pages/ViewNcoDetails.aspx?COBID=4558
Animal Geneticist,animal-geneticist,2251.0400,Healthcare,,0.01,0.02,225,35776,429312,2,,,,,https://www.ncs.gov.in/content-repository/Pages/ViewNcoDetails.aspx?COBID=4559
Animal Keeper,animal-keeper,3240.0300,Healthcare,,0.01,0.02,324,24199,290388,3,,,,,https://www.ncs.gov.in/content-repository/Pages/ViewNcoDetails.aspx?COBID=4560
Animal Nutritionist,animal-nutritionist,2265.0300,Healthcare,,0.01,0.1,226,35776,429312,2,,,,,https://www.ncs.gov.in/content-repository/Pages/ViewNcoDetails.aspx?COBID=4561
Animal Pathologist,animal-pathologist,2251.0100,Healthcare,,0.01,0.02,225,35776,429312,2,,,,,https://www.ncs.gov.in/content-repository/Pages/ViewNcoDetails.aspx?COBID=4562
Assistant Physiotherapist,assistant-physiotherapist,3255.0101,Healthcare,,0.008,0.04,325,24199,290388,3,,,,,https://www.ncs.gov.in/content-repository/Pages/ViewNcoDetails.aspx?COBID=3897
"Ayah, Institutional",ayah-institutional,5311.0100,Healthcare,,0.07,0.14,531,14628,175536,5,,,,,https://www.ncs.gov.in/content-repository/Pages/ViewNcoDetails.aspx?COBID=4563
Biomedical Equipment Technician,biomedical-equipment-technician,3211.0200,Healthcare,,0.012,0.12,321,24199,290388,3,,,,,https://www.ncs.gov.in/content-repository/Pages/ViewNcoDetails.aspx?COBID=4564
Blood Bank Technician,blood-bank-technician,3212.0602,Healthcare,,0.012,0.12,321,24199,290388,3,,,,,https://www.ncs.gov.in/content-repository/Pages/ViewNcoDetails.aspx?COBID=3898
Blood Donor Unit Assistant,blood-donor-unit-assistant,3412.0100,Healthcare,,0.04,0.04,341,24199,290388,3,,,,,https://www.ncs.gov.in/content-repository/Pages/ViewNcoDetails.aspx?COBID=5415
Cardiac Care Technician,cardiac-care-technician,3211.0801,Healthcare,,0.012,0.12,321,24199,290388,3,,,,,https://www.ncs.gov.in/content-repository/Pages/ViewNcoDetails.aspx?COBID=3899
Cardiologist,cardiologist,2212.0500,Healthcare,,0.02,0.16,221,35776,429312,2,,,,,https://www.ncs.gov.in/content-repository/Pages/ViewNcoDetails.aspx?COBID=4565
"Chemist, Pharmaceutical",chemist-pharmaceutical,2262.0100,Healthcare,,0.01,0.1,226,35776,429312,2,,,,,https://www.ncs.gov.in/content-repository/Pages/ViewNcoDetails.aspx?COBID=4566
Child Care Worker,child-care-worker,5311.0200,Healthcare,,0.07,0.14,531,14628,175536,5,,,,,https://www.ncs.gov.in/content-repository/Pages/ViewNcoDetails.aspx?COBID=4567
Chiropodist,chiropodist,2264.0300,Healthcare,,0.01,0.1,226,35776,429312,2,,,,,https://www.ncs.gov.in/content-repository/Pages/ViewNcoDetails.aspx?COBID=4568
Clinical Psychologist,clinical-psychologist,2634.0600,Healthcare,,0.26,0.26,263,35776,429312,2,,,,,https://www.ncs.gov.in/content-repository/Pages/ViewNcoDetails.aspx?COBID=4569
Dental Assistant,dental-assistant,3251.0101,Healthcare,,0.008,0.04,325,24199,290388,3,,,,,https://www.ncs.gov.in/content-repository/Pages/ViewNcoDetails.aspx?COBID=3900
Dentist,dentist,2261.0100,Healthcare,,0.01,0.1,226,35776,429312,2,,,,,https://www.ncs.gov.in/content-repository/Pages/ViewNcoDetails.aspx?COBID=4570
Dermatologist,dermatologist,2212.0200,Healthcare,,0.02,0.16,221,35776,429312,2,,,,,https://www.ncs.gov.in/content-repository/Pages/ViewNcoDetails.aspx?COBID=4571
Diabetes Educator,diabetes-educator,3253.0101,Healthcare,,0.008,0.04,325,24199,290388,3,,,,,https://www.ncs.gov.in/content-repository/Pages/ViewNcoDetails.aspx?COBID=3901
Dialysis Technician,dialysis-technician,3212.0201,Healthcare,,0.012,0.12,321,24199,290388,3,,,,,https://www.ncs.gov.in/content-repository/Pages/ViewNcoDetails.aspx?COBID=3902
Dietician Assistant,dietician-assistant,2265.0201,Healthcare,,0.01,0.1,226,35776,429312,2,,,,,https://www.ncs.gov.in/content-repository/Pages/ViewNcoDetails.aspx?COBID=3903
"Dietician, General",dietician-general,2265.0200,Healthcare,,0.01,0.1,226,35776,429312,2,,,,,https://www.ncs.gov.in/content-repository/Pages/ViewNcoDetails.aspx?COBID=4572
Dresser,dresser,2241.0400,Healthcare,,0.0075,0.03,224,35776,429312,2,,,,,https://www.ncs.gov.in/content-repository/Pages/ViewNcoDetails.aspx?COBID=4573
"Ear, Nose and Throat Specialist",ear-nose-and-throat-specialist,2212.0400,Healthcare,,0.02,0.16,221,35776,429312,2,,,,,https://www.ncs.gov.in/content-repository/Pages/ViewNcoDetails.aspx?COBID=4574
Emergency Medical Technician_Advanced,emergency-medical-technician-advanced,2241.0502,Healthcare,,0.0075,0.03,224,35776,429312,2,,,,,https://www.ncs.gov.in/content-repository/Pages/ViewNcoDetails.aspx?COBID=3904
Emergency Medical Technician_Basic,emergency-medical-technician-basic,2241.0501,Healthcare,,0.0075,0.03,224,35776,429312,2,,,,,https://www.ncs.gov.in/content-repository/Pages/ViewNcoDetails.aspx?COBID=3905
Frontline Health Worker,frontline-health-worker,3253.0201,Healthcare,,0.008,0.04,325,24199,290388,3,,,,,https://www.ncs.gov.in/content-repository/Pages/ViewNcoDetails.aspx?COBID=3906
General Duty Assistant,general-duty-assistant,5329.0101,Healthcare,,0.03,0.06,532,14628,175536,5,8th Pursuing Continuous Schooling or Previous NSQF qualification of Level 2.5 or 10th Passed or 8th Passed,Up to middle,https://www.nqr.gov.in/qualifications/10156,NQR eligibility criteria,https://www.ncs.gov.in/content-repository/Pages/ViewNcoDetails.aspx?COBID=3907
Gynaecologist,gynaecologist,2212.1200,Healthcare,,0.02,0.16,221,35776,429312,2,,,,,https://www.ncs.gov.in/content-repository/Pages/ViewNcoDetails.aspx?COBID=4575
Health Officer,health-officer,2263.0100,Healthcare,,0.01,0.1,226,35776,429312,2,,,,,https://www.ncs.gov.in/content-repository/Pages/ViewNcoDetails.aspx?COBID=4576
Histotechnician,histotechnician,3212.0501,Healthcare,,0.012,0.12,321,24199,290388,3,,,,,https://www.ncs.gov.in/content-repository/Pages/ViewNcoDetails.aspx?COBID=3908
Home Health Aide,home-health-aide,5322.0101,Healthcare,,0.03,0.06,532,14628,175536,5,8th Passed or 10th Passed or 8th Pursuing Continuous Schooling or Previous NSQF qualification of Level 2.5,Up to middle,https://www.nqr.gov.in/qualifications/10160,NQR eligibility criteria,https://www.ncs.gov.in/content-repository/Pages/ViewNcoDetails.aspx?COBID=3909
"Laboratory Assistant, Clinical",laboratory-assistant-clinical,2241.0100,Healthcare,,0.0075,0.03,224,35776,429312,2,,,,,https://www.ncs.gov.in/content-repository/Pages/ViewNcoDetails.aspx?COBID=4577
"Laboratory Assistant,Pharmaceutical",laboratory-assistant-pharmaceutical,3213.0200,Healthcare,,0.012,0.12,321,24199,290388,3,,,,,https://www.ncs.gov.in/content-repository/Pages/ViewNcoDetails.aspx?COBID=4578
"Laboratory Technician, Artificial Breeding",laboratory-technician-artificial-breeding,3240.0400,Healthcare,,0.01,0.02,324,24199,290388,3,,,,,https://www.ncs.gov.in/content-repository/Pages/ViewNcoDetails.aspx?COBID=4579
Lady Health Visitor,lady-health-visitor,3222.0300,Healthcare,,0.12333333333333334,0.37,322,24199,290388,3,,,,,https://www.ncs.gov.in/content-repository/Pages/ViewNcoDetails.aspx?COBID=4580
"Malariologist, Medical",malariologist-medical,2212.1800,Healthcare,,0.02,0.16,221,35776,429312,2,,,,,https://www.ncs.gov.in/content-repository/Pages/ViewNcoDetails.aspx?COBID=4581
Masseur,masseur,2264.0400,Healthcare,,0.01,0.1,226,35776,429312,2,,,,,https://www.ncs.gov.in/content-repository/Pages/ViewNcoDetails.aspx?COBID=4582
"Mechanic, Dental",mechanic-dental,3214.0100,Healthcare,,0.012,0.12,321,24199,290388,3,,,,,https://www.ncs.gov.in/content-repository/Pages/ViewNcoDetails.aspx?COBID=4583
Medical Equipment Technician,medical-equipment-technician,3211.0501,Healthcare,,0.012,0.12,321,24199,290388,3,,,,,https://www.ncs.gov.in/content-repository/Pages/ViewNcoDetails.aspx?COBID=3910
Medical Laboratory Technician,medical-laboratory-technician,3212.0701,Healthcare,,0.012,0.12,321,24199,290388,3,,,,,https://www.ncs.gov.in/content-repository/Pages/ViewNcoDetails.aspx?COBID=3911
Medical Records and Health Information Technician,medical-records-and-health-information-technician,3252.0101,Healthcare,,0.008,0.04,325,24199,290388,3,,,,,https://www.ncs.gov.in/content-repository/Pages/ViewNcoDetails.aspx?COBID=3912
Midwife,midwife,3222.0100,Healthcare,,0.12333333333333334,0.37,322,24199,290388,3,,,,,https://www.ncs.gov.in/content-repository/Pages/ViewNcoDetails.aspx?COBID=4585
Midwifery Attendant,midwifery-attendant,3222.0200,Healthcare,,0.12333333333333334,0.37,322,24199,290388,3,,,,,https://www.ncs.gov.in/content-repository/Pages/ViewNcoDetails.aspx?COBID=4584
Naturopath,naturopath,2269.0100,Healthcare,,0.01,0.1,226,35776,429312,2,,,,,https://www.ncs.gov.in/content-repository/Pages/ViewNcoDetails.aspx?COBID=4586
Assembler Hand,assembler-hand,7536.2200,Leather,,0.058260869565217394,2.68,753,15350,184200,7,,,,,https://www.ncs.gov.in/content-repository/Pages/ViewNcoDetails.aspx?COBID=4655
Bark Pitman (Tanning),bark-pitman-tanning,7535.1100,Leather,,0.058260869565217394,2.68,753,15350,184200,7,,,,,https://www.ncs.gov.in/content-repository/Pages/ViewNcoDetails.aspx?COBID=4656
Belt Maker,belt-maker,7536.2600,Leather,,0.058260869565217394,2.68,753,15350,184200,7,,,,,https://www.ncs.gov.in/content-repository/Pages/ViewNcoDetails.aspx?COBID=4449
Buffing Operator,buffing-operator,8155.0801,Leather,,0.0121875,0.39,815,15906,190872,8,,,,,https://www.ncs.gov.in/content-repository/Pages/ViewNcoDetails.aspx?COBID=3989
CADCAM Operator (Footwear),cadcam-operator-footwear,2166.0403,Leather,,0.02,0.12,216,35776,429312,2,,,,,https://www.ncs.gov.in/content-repository/Pages/ViewNcoDetails.aspx?COBID=6507
Case Finisher (Leather Product),case-finisher-leather-product,7532.0300,Leather,,0.058260869565217394,2.68,753,15350,184200,7,,,,,https://www.ncs.gov.in/content-repository/Pages/ViewNcoDetails.aspx?COBID=5755
Counter Moulder,counter-moulder,7536.1200,Leather,,0.058260869565217394,2.68,753,15350,184200,7,,,,,https://www.ncs.gov.in/content-repository/Pages/ViewNcoDetails.aspx?COBID=4657
Cutter (Footwear),cutter-footwear,8156.0701,Leather,,0.0121875,0.39,815,15906,190872,8,,,,,https://www.ncs.gov.in/content-repository/Pages/ViewNcoDetails.aspx?COBID=3990
Cutter (Goods and Garments),cutter-goods-and-garments,7532.1001,Leather,,0.058260869565217394,2.68,753,15350,184200,7,,,,,https://www.ncs.gov.in/content-repository/Pages/ViewNcoDetails.aspx?COBID=3991
"Cutter, Garment (Leather)",cutter-garment-leather,7532.8000,Leather,,0.058260869565217394,2.68,753,15350,184200,7,,,,,https://www.ncs.gov.in/content-repository/Pages/ViewNcoDetails.aspx?COBID=4658
"Cutter, Hand",cutter-hand,7536.2000,Leather,,0.058260869565217394,2.68,753,15350,184200,7,,,,,https://www.ncs.gov.in/content-repository/Pages/ViewNcoDetails.aspx?COBID=4659
"De-hairer, Machine",de-hairer-machine,8155.0100,Leather,,0.0121875,0.39,815,15906,190872,8,,,,,https://www.ncs.gov.in/content-repository/Pages/ViewNcoDetails.aspx?COBID=4660
"Dehairer, Hand",dehairer-hand,7535.0400,Leather,,0.058260869565217394,2.68,753,15350,184200,7,,,,,https://www.ncs.gov.in/content-repository/Pages/ViewNcoDetails.aspx?COBID=4661
Delimer,delimer,7535.0600,Leather,,0.058260869565217394,2.68,753,15350,184200,7,,,,,https://www.ncs.gov.in/content-repository/Pages/ViewNcoDetails.aspx?COBID=4662
"Designer, Leather Articles",designer-leather-articles,7532.0200,Leather,,0.058260869565217394,2.68,753,15350,184200,7,,,,,https://www.ncs.gov.in/content-repository/Pages/ViewNcoDetails.aspx?COBID=5754
Drum Man (Tanning),drum-man-tanning,7535.1200,Leather,,0.058260869565217394,2.68,753,15350,184200,7,,,,,https://www.ncs.gov.in/content-repository/Pages/ViewNcoDetails.aspx?COBID=4663
Drum Operator,drum-operator,8155.1101,Leather,,0.0121875,0.39,815,15906,190872,8,,,,,https://www.ncs.gov.in/content-repository/Pages/ViewNcoDetails.aspx?COBID=3992
"Dyer,Leather",dyer-leather,7535.1400,Leather,,0.058260869565217394,2.68,753,15350,184200,7,,,,,https://www.ncs.gov.in/content-repository/Pages/ViewNcoDetails.aspx?COBID=4664
Edge Burnisher,edge-burnisher,8156.2300,Leather,,0.0121875,0.39,815,15906,190872,8,,,,,https://www.ncs.gov.in/content-repository/Pages/ViewNcoDetails.aspx?COBID=4665
"Edge Setter, Machine",edge-setter-machine,8156.2200,Leather,,0.0121875,0.39,815,15906,190872,8,,,,,https://www.ncs.gov.in/content-repository/Pages/ViewNcoDetails.aspx?COBID=4666
"Embosser, Leather",embosser-leather,7535.1500,Leather,,0.058260869565217394,2.68,753,15350,184200,7,,,,,https://www.ncs.gov.in/content-repository/Pages/ViewNcoDetails.aspx?COBID=4667
"Examiner, Footwear",examiner-footwear,7543.0300,Leather,,0.0075,0.06,754,15350,184200,7,,,,,https://www.ncs.gov.in/content-repository/Pages/ViewNcoDetails.aspx?COBID=4668
Eyeletting Machine Operator,eyeletting-machine-operator,8156.2500,Leather,,0.0121875,0.39,815,15906,190872,8,,,,,https://www.ncs.gov.in/content-repository/Pages/ViewNcoDetails.aspx?COBID=4669
Flayer,flayer,7535.0200,Leather,,0.058260869565217394,2.68,753,15350,184200,7,,,,,https://www.ncs.gov.in/content-repository/Pages/ViewNcoDetails.aspx?COBID=4670
"Flesher, Hand",flesher-hand,7535.0500,Leather,,0.058260869565217394,2.68,753,15350,184200,7,,,,,https://www.ncs.gov.in/content-repository/Pages/ViewNcoDetails.aspx?COBID=4671
Fleshing Operator,fleshing-operator,8155.0201,Leather,,0.0121875,0.39,815,15906,190872,8,,,,,https://www.ncs.gov.in/content-repository/Pages/ViewNcoDetails.aspx?COBID=3993
"Fluffer, Hand",fluffer-hand,7535.0900,Leather,,0.058260869565217394,2.68,753,15350,184200,7,,,,,https://www.ncs.gov.in/content-repository/Pages/ViewNcoDetails.aspx?COBID=4672
Harness Maker,harness-maker,7536.1800,Leather,,0.058260869565217394,2.68,753,15350,184200,7,,,,,https://www.ncs.gov.in/content-repository/Pages/ViewNcoDetails.aspx?COBID=4673
"Heel Attacher, Hand (Foot Wear)",heel-attacher-hand-foot-wear,7536.1600,Leather,,0.058260869565217394,2.68,753,15350,184200,7,,,,,https://www.ncs.gov.in/content-repository/Pages/ViewNcoDetails.aspx?COBID=4674
"Heel Breaster, Machine (Foot-Wear)",heel-breaster-machine-foot-wear,8156.0200,Leather,,0.0121875,0.39,815,15906,190872,8,,,,,https://www.ncs.gov.in/content-repository/Pages/ViewNcoDetails.aspx?COBID=4675
"Heel Builder, Machine (Foot-Wear)",heel-builder-machine-foot-wear,8156.0400,Leather,,0.0121875,0.39,815,15906,190872,8,,,,,https://www.ncs.gov.in/content-repository/Pages/ViewNcoDetails.aspx?COBID=4676
"Heel Compressor, Machine (Foot Wear)",heel-compressor-machine-foot-wear,8156.1900,Leather,,0.0121875,0.39,815,15906,190872,8,,,,,https://www.ncs.gov.in/content-repository/Pages/ViewNcoDetails.aspx?COBID=4677
Heel Padding Machine Operator,heel-padding-machine-operator,8156.2400,Leather,,0.0121875,0.39,815,15906,190872,8,,,,,https://www.ncs.gov.in/content-repository/Pages/ViewNcoDetails.aspx?COBID=4678
"Heeler, Machine",heeler-machine,8156.1800,Leather,,0.0121875,0.39,815,15906,190872,8,,,,,https://www.ncs.gov.in/content-repository/Pages/ViewNcoDetails.aspx?COBID=4679
Helper- Finishing Operations,helper-finishing-operations,7535.1311,Leather,,0.058260869565217394,2.68,753,15350,184200,7,,,,,https://www.ncs.gov.in/content-repository/Pages/ViewNcoDetails.aspx?COBID=6709
Helper-Bottom Making (Footwear),helper-bottom-making-footwear,8156.2601,Leather,,0.0121875,0.39,815,15906,190872,8,,,,,https://www.ncs.gov.in/content-repository/Pages/ViewNcoDetails.aspx?COBID=3994
Helper-Dry Operations (Finished Leather),helper-dry-operations-finished-leather,8155.1202,Leather,,0.0121875,0.39,815,15906,190872,8,,,,,https://www.ncs.gov.in/content-repository/Pages/ViewNcoDetails.aspx?COBID=3995
Helper-Finishing (Footwear),helper-finishing-footwear,8156.2603,Leather,,0.0121875,0.39,815,15906,190872,8,,,,,https://www.ncs.gov.in/content-repository/Pages/ViewNcoDetails.aspx?COBID=3996
Helper-Finishing (Leather Goods &amp; Garments),helper-finishing-leather-goods-amp-garments,8153.0703,Leather,,0.0121875,0.39,815,15906,190872,8,,,,,https://www.ncs.gov.in/content-repository/Pages/ViewNcoDetails.aspx?COBID=3997
Helper-Finishing Operation-Finished-Leather,helper-finishing-operation-finished-leather,8155.1203,Leather,,0.0121875,0.39,815,15906,190872,8,,,,,https://www.ncs.gov.in/content-repository/Pages/ViewNcoDetails.aspx?COBID=3998
Helper-Parts Making (Leather Goods &amp; Garments),helper-parts-making-leather-goods-amp-garments,8153.0702,Leather,,0.0121875,0.39,815,15906,190872,8,,,,,https://www.ncs.gov.in/content-repository/Pages/ViewNcoDetails.aspx?COBID=3999
Helper-Upper Making (Footwear),helper-upper-making-footwear,8156.2602,Leather,,0.0121875,0.39,815,15906,190872,8,Ability to read and write,,https://www.nqr.gov.in/qualifications/14735,NQR eligibility criteria,https://www.ncs.gov.in/content-repository/Pages/ViewNcoDetails.aspx?COBID=4000
Helper-Wet Operations (Finished Leather),helper-wet-operations-finished-leather,8155.1201,Leather,,0.0121875,0.39,815,15906,190872,8,,,,,https://www.ncs.gov.in/content-repository/Pages/ViewNcoDetails.aspx?COBID=4001
"Hide Splitter, Machine",hide-splitter-machine,8155.0500,Leather,,0.0121875,0.39,815,15906,190872,8,,,,,https://www.ncs.gov.in/content-repository/Pages/ViewNcoDetails.aspx?COBID=4681
"Hide and Skin Setter, Machine",hide-and-skin-setter-machine,8155.0400,Leather,,0.0121875,0.39,815,15906,190872,8,,,,,https://www.ncs.gov.in/content-repository/Pages/ViewNcoDetails.aspx?COBID=4680
"Laster, Hand",laster-hand,7536.0800,Leather,,0.058260869565217394,2.68,753,15350,184200,7,,,,,https://www.ncs.gov.in/content-repository/Pages/ViewNcoDetails.aspx?COBID=4682
Lasting Operator,lasting-operator,8156.1401,Leather,,0.0121875,0.39,815,15906,190872,8,,,,,https://www.ncs.gov.in/content-repository/Pages/ViewNcoDetails.aspx?COBID=4002
Leather Currier,leather-currier,7535.1300,Leather,,0.058260869565217394,2.68,753,15350,184200,7,,,,,https://www.ncs.gov.in/content-repository/Pages/ViewNcoDetails.aspx?COBID=4683
"Leather Cutter, Hand",leather-cutter-hand,7536.0500,Leather,,0.058260869565217394,2.68,753,15350,184200,7,,,,,https://www.ncs.gov.in/content-repository/Pages/ViewNcoDetails.aspx?COBID=4684
"Leather Cutter, Machine",leather-cutter-machine,8156.0800,Leather,,0.0121875,0.39,815,15906,190872,8,,,,,https://www.ncs.gov.in/content-repository/Pages/ViewNcoDetails.aspx?COBID=4685
Advertising Sales Agent,advertising-sales-agent,5211.0100,Organised Retail,,0.18,0.9,521,14628,175536,5,,,,,https://www.ncs.gov.in/content-repository/Pages/ViewNcoDetails.aspx?COBID=5039
Buyer,buyer,3323.0100,Organised Retail,,0.016666666666666666,0.3,332,24199,290388,3,,,,,https://www.ncs.gov.in/content-repository/Pages/ViewNcoDetails.aspx?COBID=5040
"Canvasser, Sales",canvasser-sales,3322.0300,Organised Retail,,0.016666666666666666,0.3,332,24199,290388,3,,,,,https://www.ncs.gov.in/content-repository/Pages/ViewNcoDetails.aspx?COBID=5388
Cashier (E),cashier-e,4211.0301,Organised Retail,,0.03,0.18,421,23616,283392,4,,,,,https://www.ncs.gov.in/content-repository/Pages/ViewNcoDetails.aspx?COBID=4113
"Cashier, General",cashier-general,4211.0100,Organised Retail,,0.03,0.18,421,23616,283392,4,,,,,https://www.ncs.gov.in/content-repository/Pages/ViewNcoDetails.aspx?COBID=6393
Coin Collector,coin-collector,9623.0200,Organised Retail,,0.043333333333333335,0.13,962,10667,128004,9,,,,,https://www.ncs.gov.in/content-repository/Pages/ViewNcoDetails.aspx?COBID=6043
"Commercial Traveller, General",commercial-traveller-general,3322.0200,Organised Retail,,0.016666666666666666,0.3,332,24199,290388,3,,,,,https://www.ncs.gov.in/content-repository/Pages/ViewNcoDetails.aspx?COBID=5387
Complaint Attending Clerk,complaint-attending-clerk,4225.0100,Organised Retail,,0.055,0.11,422,23616,283392,4,,,,,https://www.ncs.gov.in/content-repository/Pages/ViewNcoDetails.aspx?COBID=5041
Digital Cataloguer,digital-cataloguer,5211.0402,Organised Retail,,0.18,0.9,521,14628,175536,5,3 year Diploma after 10th In relevant field or 12th or 10th or Previous NSQF qualification of Level 3.5 or Previous NSQF qualification of Level 4,Secondary (10th),https://www.nqr.gov.in/qualifications/11905,NQR eligibility criteria,https://www.ncs.gov.in/content-repository/Pages/ViewNcoDetails.aspx?COBID=7000
"Director, Retail Trade",director-retail-trade,1120.2200,Organised Retail,,0.2557142857142857,1.79,112,42993,515916,1,,,,,https://www.ncs.gov.in/content-repository/Pages/ViewNcoDetails.aspx?COBID=5042
"Director, Wholesale Trade",director-wholesale-trade,1120.2100,Organised Retail,,0.2557142857142857,1.79,112,42993,515916,1,,,,,https://www.ncs.gov.in/content-repository/Pages/ViewNcoDetails.aspx?COBID=5044
"General Manager, Retail Trade",general-manager-retail-trade,1420.0500,Organised Retail,,0.014000000000000002,0.07,142,42993,515916,1,,,,,https://www.ncs.gov.in/content-repository/Pages/ViewNcoDetails.aspx?COBID=5045
"General Manager, Wholesale Trade",general-manager-wholesale-trade,1420.0400,Organised Retail,,0.014000000000000002,0.07,142,42993,515916,1,,,,,https://www.ncs.gov.in/content-repository/Pages/ViewNcoDetails.aspx?COBID=5046
Home Deliveryman,home-deliveryman,5243.0300,Organised Retail,,0.0525,0.63,524,14628,175536,5,,,,,https://www.ncs.gov.in/content-repository/Pages/ViewNcoDetails.aspx?COBID=6395
"Manager, Export",manager-export,1420.0300,Organised Retail,,0.014000000000000002,0.07,142,42993,515916,1,,,,,https://www.ncs.gov.in/content-repository/Pages/ViewNcoDetails.aspx?COBID=5047
"Manager, Retail Trade",manager-retail-trade,1420.0200,Organised Retail,,0.014000000000000002,0.07,142,42993,515916,1,,,,,https://www.ncs.gov.in/content-repository/Pages/ViewNcoDetails.aspx?COBID=5048
"Manager, Wholesale Trade",manager-wholesale-trade,1420.0100,Organised Retail,,0.014000000000000002,0.07,142,42993,515916,1,,,,,https://www.ncs.gov.in/content-repository/Pages/ViewNcoDetails.aspx?COBID=5049
Milkman,milkman,5212.0100,Organised Retail,,0.18,0.9,521,14628,175536,5,,,,,https://www.ncs.gov.in/content-repository/Pages/ViewNcoDetails.aspx?COBID=5465
Newspaper Boy,newspaper-boy,5243.0100,Organised Retail,,0.0525,0.63,524,14628,175536,5,,,,,https://www.ncs.gov.in/content-repository/Pages/ViewNcoDetails.aspx?COBID=5050
Order Supplier,order-supplier,5243.0200,Organised Retail,,0.0525,0.63,524,14628,175536,5,,,,,https://www.ncs.gov.in/content-repository/Pages/ViewNcoDetails.aspx?COBID=5051
Other Sales Supervisor,other-sales-supervisor,3322.1400,Organised Retail,,0.016666666666666666,0.3,332,24199,290388,3,,,,,https://www.ncs.gov.in/content-repository/Pages/ViewNcoDetails.aspx?COBID=5389
Purchasing Agent,purchasing-agent,3323.0200,Organised Retail,,0.016666666666666666,0.3,332,24199,290388,3,,,,,https://www.ncs.gov.in/content-repository/Pages/ViewNcoDetails.aspx?COBID=5052
Sales Associate,sales-associate,5242.0102,Organised Retail,,0.0525,0.63,524,14628,175536,5,,,,,https://www.ncs.gov.in/content-repository/Pages/ViewNcoDetails.aspx?COBID=4114
Sales Manager (Retail Trade),sales-manager-retail-trade,1221.0200,Organised Retail,,0.06,0.24,122,42993,515916,1,,,,,https://www.ncs.gov.in/content-repository/Pages/ViewNcoDetails.aspx?COBID=5053
Sales Manager (Wholesale Trade),sales-manager-wholesale-trade,1221.0100,Organised Retail,,0.06,0.24,122,42993,515916,1,,,,,https://www.ncs.gov.in/content-repository/Pages/ViewNcoDetails.aspx?COBID=5054
"Sales Supervisor, Wholesale Trade",sales-supervisor-wholesale-trade,3322.0500,Organised Retail,,0.016666666666666666,0.3,332,24199,290388,3,,,,,https://www.ncs.gov.in/content-repository/Pages/ViewNcoDetails.aspx?COBID=5055
Shop Assistant,shop-assistant,5223.0100,Organised Retail,,1.34,6.7,522,14628,175536,5,,,,,https://www.ncs.gov.in/content-repository/Pages/ViewNcoDetails.aspx?COBID=6394
Shop Attendant,shop-attendant,5211.0200,Organised Retail,,0.18,0.9,521,14628,175536,5,,,,,https://www.ncs.gov.in/content-repository/Pages/ViewNcoDetails.aspx?COBID=5056
Store Ops Assistant,store-ops-assistant,4321.0501,Organised Retail,,0.09,0.09,432,23616,283392,4,,,,,https://www.ncs.gov.in/content-repository/Pages/ViewNcoDetails.aspx?COBID=4115
Telemarketing Sales Person,telemarketing-sales-person,5211.0300,Organised Retail,,0.18,0.9,521,14628,175536,5,,,,,https://www.ncs.gov.in/content-repository/Pages/ViewNcoDetails.aspx?COBID=5057
Trainee Associate,trainee-associate,5223.0105,Organised Retail,,1.34,6.7,522,14628,175536,5,,,,,https://www.ncs.gov.in/content-repository/Pages/ViewNcoDetails.aspx?COBID=4116
Vending Machine Attendant,vending-machine-attendant,9623.0100,Organised Retail,,0.043333333333333335,0.13,962,10667,128004,9,,,,,https://www.ncs.gov.in/content-repository/Pages/ViewNcoDetails.aspx?COBID=6042
"Working Proprietor, Retail Trade",working-proprietor-retail-trade,1120.2000,Organised Retail,,0.2557142857142857,1.79,112,42993,515916,1,,,,,https://www.ncs.gov.in/content-repository/Pages/ViewNcoDetails.aspx?COBID=5058
"Working Proprietor, Wholesale Trade",working-proprietor-wholesale-trade,1120.1900,Organised Retail,,0.2557142857142857,1.79,112,42993,515916,1,,,,,https://www.ncs.gov.in/content-repository/Pages/ViewNcoDetails.aspx?COBID=5059
Bathroom and Kitchen Designer,bathroom-and-kitchen-designer,3432.0501,Plumbing,,0.06,0.12,343,24199,290388,3,,,,,https://www.ncs.gov.in/content-repository/Pages/ViewNcoDetails.aspx?COBID=4117
"Electrical Supervisor, Wiring",electrical-supervisor-wiring,3123.0400,Plumbing,,0.0375,0.45,312,24199,290388,3,,,,,https://www.ncs.gov.in/content-repository/Pages/ViewNcoDetails.aspx?COBID=4880
Fire Protection Systems Design Engineer,fire-protection-systems-design-engineer,2142.0501,Plumbing,,0.02090909090909091,0.23,214,35776,429312,2,,,,,https://www.ncs.gov.in/content-repository/Pages/ViewNcoDetails.aspx?COBID=4118
Groundwater Engineer,groundwater-engineer,2142.1001,Plumbing,,0.02090909090909091,0.23,214,35776,429312,2,,,,,https://www.ncs.gov.in/content-repository/Pages/ViewNcoDetails.aspx?COBID=4119
Municipal Water and Sewage Assessor,municipal-water-and-sewage-assessor,9621.0301,Plumbing,,0.043333333333333335,0.13,962,10667,128004,9,,,,,https://www.ncs.gov.in/content-repository/Pages/ViewNcoDetails.aspx?COBID=4120
Plumber (After Sales Service),plumber-after-sales-service,3322.5002,Plumbing,,0.016666666666666666,0.3,332,24199,290388,3,,,,,https://www.ncs.gov.in/content-repository/Pages/ViewNcoDetails.aspx?COBID=4121
Plumber (General),plumber-general,7126.0101,Plumbing,,0.057499999999999996,0.69,712,15350,184200,7,12th Passed or 3rd Year of 3 Year Diploma after 10th Pursuing or 10th Passed or 8th Passed or Previous NSQF qualification of Level 3,Up to middle,https://www.nqr.gov.in/qualifications/12957,NQR eligibility criteria,https://www.ncs.gov.in/content-repository/Pages/ViewNcoDetails.aspx?COBID=4125
Plumber (General) - II,plumber-general-ii,7126.0103,Plumbing,,0.057499999999999996,0.69,712,15350,184200,7,,,,,https://www.ncs.gov.in/content-repository/Pages/ViewNcoDetails.aspx?COBID=4122
Plumber (General) Assistant,plumber-general-assistant,7126.0105,Plumbing,,0.057499999999999996,0.69,712,15350,184200,7,10th Passed or 8th Passed or 5th Passed,Up to middle,https://www.nqr.gov.in/qualifications/12958,NQR eligibility criteria,https://www.ncs.gov.in/content-repository/Pages/ViewNcoDetails.aspx?COBID=4123
Plumber (General) Helper,plumber-general-helper,7126.0104,Plumbing,,0.057499999999999996,0.69,712,15350,184200,7,,,,,https://www.ncs.gov.in/content-repository/Pages/ViewNcoDetails.aspx?COBID=4124
Plumber (Maintenance &amp; Servicing),plumber-maintenance-amp-servicing,7126.0107,Plumbing,,0.057499999999999996,0.69,712,15350,184200,7,,,,,https://www.ncs.gov.in/content-repository/Pages/ViewNcoDetails.aspx?COBID=4127
Plumber (Maintenance &amp; Servicing) Assistant,plumber-maintenance-amp-servicing-assistant,7126.0106,Plumbing,,0.057499999999999996,0.69,712,15350,184200,7,,,,,https://www.ncs.gov.in/content-repository/Pages/ViewNcoDetails.aspx?COBID=4126
Plumber (Operations),plumber-operations,7126.0102,Plumbing,,0.057499999999999996,0.69,712,15350,184200,7,,,,,https://www.ncs.gov.in/content-repository/Pages/ViewNcoDetails.aspx?COBID=4128
Plumber (Pumps &amp; EM Mechanic),plumber-pumps-amp-em-mechanic,7233.1301,Plumbing,,0.07916666666666666,0.95,723,15350,184200,7,,,,,https://www.ncs.gov.in/content-repository/Pages/ViewNcoDetails.aspx?COBID=4129
Plumber (Sanitary Fixtures Fitter Assistant),plumber-sanitary-fixtures-fitter-assistant,7126.0301,Plumbing,,0.057499999999999996,0.69,712,15350,184200,7,,,,,https://www.ncs.gov.in/content-repository/Pages/ViewNcoDetails.aspx?COBID=4130
Plumber (Welder),plumber-welder,7212.0101,Plumbing,,0.0642857142857143,0.45,721,15350,184200,7,,,,,https://www.ncs.gov.in/content-repository/Pages/ViewNcoDetails.aspx?COBID=4132
Plumber (Welder) Assistant,plumber-welder-assistant,7212.0102,Plumbing,,0.0642857142857143,0.45,721,15350,184200,7,,,,,https://www.ncs.gov.in/content-repository/Pages/ViewNcoDetails.aspx?COBID=4131
Plumber Foreman,plumber-foreman,3123.0301,Plumbing,,0.0375,0.45,312,24199,290388,3,,,,,https://www.ncs.gov.in/content-repository/Pages/ViewNcoDetails.aspx?COBID=4133
Plumber Mason,plumber-mason,7112.0201,Plumbing,,1.8,1.8,711,15350,184200,7,,,,,https://www.ncs.gov.in/content-repository/Pages/ViewNcoDetails.aspx?COBID=4134
Plumber Pipeline,plumber-pipeline,7126.0201,Plumbing,,0.057499999999999996,0.69,712,15350,184200,7,,,,,https://www.ncs.gov.in/content-repository/Pages/ViewNcoDetails.aspx?COBID=4135
Plumbing Draftsman,plumbing-draftsman,3118.0201,Plumbing,,0.015714285714285715,0.11,311,24199,290388,3,,,,,https://www.ncs.gov.in/content-repository/Pages/ViewNcoDetails.aspx?COBID=4137
Plumbing Products Sales Assistant,plumbing-products-sales-assistant,5223.0104,Plumbing,,1.34,6.7,522,14628,175536,5,,,,,https://www.ncs.gov.in/content-repository/Pages/ViewNcoDetails.aspx?COBID=4138
Plumbing Products Sales Assistant,plumbing-products-sales-assistant,3322.5003,Plumbing,,0.016666666666666666,0.3,332,24199,290388,3,,,,,https://www.ncs.gov.in/content-repository/Pages/ViewNcoDetails.aspx?COBID=6712
Plumbing Products Sales Officer,plumbing-products-sales-officer,3322.5001,Plumbing,,0.016666666666666666,0.3,332,24199,290388,3,,,,,https://www.ncs.gov.in/content-repository/Pages/ViewNcoDetails.aspx?COBID=4139
Plumbing Site Engineer,plumbing-site-engineer,2142.0301,Plumbing,,0.02090909090909091,0.23,214,35776,429312,2,,,,,https://www.ncs.gov.in/content-repository/Pages/ViewNcoDetails.aspx?COBID=4140
Plumbing Supervisor,plumbing-supervisor,3123.0302,Plumbing,,0.0375,0.45,312,24199,290388,3,3 year Diploma after 10th Completed or 8th Completed or 12th Completed or Previous NSQF qualification of Level 4,Up to middle,https://www.nqr.gov.in/qualifications/2512,NQR eligibility criteria,https://www.ncs.gov.in/content-repository/Pages/ViewNcoDetails.aspx?COBID=4141
Pneumatic Chipper,pneumatic-chipper,7126.0600,Plumbing,,0.057499999999999996,0.69,712,15350,184200,7,,,,,https://www.ncs.gov.in/content-repository/Pages/ViewNcoDetails.aspx?COBID=4881
Public Health System Design Engineer,public-health-system-design-engineer,2142.0901,Plumbing,,0.02090909090909091,0.23,214,35776,429312,2,,,,,https://www.ncs.gov.in/content-repository/Pages/ViewNcoDetails.aspx?COBID=4142
"Puncher, Metal",puncher-metal,7126.0500,Plumbing,,0.057499999999999996,0.69,712,15350,184200,7,,,,,https://www.ncs.gov.in/content-repository/Pages/ViewNcoDetails.aspx?COBID=6392
Retail Dealer,retail-dealer,5249.0500,Plumbing,,0.0525,0.63,524,14628,175536,5,,,,,https://www.ncs.gov.in/content-repository/Pages/ViewNcoDetails.aspx?COBID=4882
Salesman,salesman,5249.0200,Plumbing,,0.0525,0.63,524,14628,175536,5,,,,,https://www.ncs.gov.in/content-repository/Pages/ViewNcoDetails.aspx?COBID=4883
Selling Agent,selling-agent,5249.0600,Plumbing,,0.0525,0.63,524,14628,175536,5,,,,,https://www.ncs.gov.in/content-repository/Pages/ViewNcoDetails.aspx?COBID=4884
Stockist,stockist,5249.0700,Plumbing,,0.0525,0.63,524,14628,175536,5,,,,,https://www.ncs.gov.in/content-repository/Pages/ViewNcoDetails.aspx?COBID=4885
Straightening Machine Operator,straightening-machine-operator,7126.0400,Plumbing,,0.057499999999999996,0.69,712,15350,184200,7,,,,,https://www.ncs.gov.in/content-repository/Pages/ViewNcoDetails.aspx?COBID=4886
Supervisor and Foreman Plumbing and Pipe Fitting 1,supervisor-and-foreman-plumbing-and-pipe-fitting-1,3123.0300,Plumbing,,0.0375,0.45,312,24199,290388,3,,,,,https://www.ncs.gov.in/content-repository/Pages/ViewNcoDetails.aspx?COBID=4887
"Supervisor and Foreman, Insulation",supervisor-and-foreman-insulation,3123.0200,Plumbing,,0.0375,0.45,312,24199,290388,3,,,,,https://www.ncs.gov.in/content-repository/Pages/ViewNcoDetails.aspx?COBID=4888
Wastewater Systems Design Engineer,wastewater-systems-design-engineer,2142.1002,Plumbing,,0.02090909090909091,0.23,214,35776,429312,2,,,,,https://www.ncs.gov.in/content-repository/Pages/ViewNcoDetails.aspx?COBID=4143
Wholesale Dealer,wholesale-dealer,5249.0400,Plumbing,,0.0525,0.63,524,14628,175536,5,,,,,https://www.ncs.gov.in/content-repository/Pages/ViewNcoDetails.aspx?COBID=4889
"Work Supervisor, Construction",work-supervisor-construction,3123.0100,Plumbing,,0.0375,0.45,312,24199,290388,3,,,,,https://www.ncs.gov.in/content-repository/Pages/ViewNcoDetails.aspx?COBID=4890
